<?xml version="1.0" encoding="UTF-8" standalone="no" ?><gpx xmlns="http://www.topografix.com/GPX/1/1" xmlns:xsi="http://www.w3.org/2001/XMLSchema-instance" creator="GraphHopper" version="1.1" xmlns:gh="https://graphhopper.com/public/schema/gpx/1.1">
<metadata><copyright author="OpenStreetMap contributors"/><link href="http://graphhopper.com"><text>GraphHopper GPX</text></link><time>2026-05-16T23:54:40.427Z</time></metadata>
<trk>
<name>GraphHopper Track</name><desc></desc>
<trkseg><trkpt lat="44.976380" lon="-93.233789"><ele>257.4</ele></trkpt>
<trkpt lat="44.976475" lon="-93.233781"><ele>257.6</ele></trkpt>
<trkpt lat="44.976656" lon="-93.233698"><ele>257.4</ele></trkpt>
<trkpt lat="44.976776" lon="-93.233628"><ele>257.2</ele></trkpt>
<trkpt lat="44.976911" lon="-93.233524"><ele>256.9</ele></trkpt>
<trkpt lat="44.977073" lon="-93.233335"><ele>256.4</ele></trkpt>
<trkpt lat="44.976784" lon="-93.232680"><ele>256.0</ele></trkpt>
<trkpt lat="44.976763" lon="-93.232567"><ele>256.0</ele></trkpt>
<trkpt lat="44.976754" lon="-93.232136"><ele>256.0</ele></trkpt>
<trkpt lat="44.976733" lon="-93.232004"><ele>256.0</ele></trkpt>
<trkpt lat="44.976369" lon="-93.231091"><ele>255.4</ele></trkpt>
<trkpt lat="44.976333" lon="-93.231024"><ele>255.4</ele></trkpt>
<trkpt lat="44.976278" lon="-93.230954"><ele>255.4</ele></trkpt>
<trkpt lat="44.976227" lon="-93.230917"><ele>255.4</ele></trkpt>
<trkpt lat="44.976172" lon="-93.230908"><ele>255.4</ele></trkpt>
<trkpt lat="44.976100" lon="-93.230914"><ele>255.4</ele></trkpt>
<trkpt lat="44.975961" lon="-93.230999"><ele>255.3</ele></trkpt>
<trkpt lat="44.975889" lon="-93.231024"><ele>255.3</ele></trkpt>
<trkpt lat="44.975733" lon="-93.231025"><ele>255.1</ele></trkpt>
<trkpt lat="44.975599" lon="-93.231001"><ele>255.6</ele></trkpt>
<trkpt lat="44.975459" lon="-93.230907"><ele>255.6</ele></trkpt>
<trkpt lat="44.975327" lon="-93.230748"><ele>255.5</ele></trkpt>
<trkpt lat="44.975203" lon="-93.230492"><ele>255.4</ele></trkpt>
<trkpt lat="44.975088" lon="-93.230366"><ele>255.3</ele></trkpt>
<trkpt lat="44.974969" lon="-93.230324"><ele>255.0</ele></trkpt>
<trkpt lat="44.974772" lon="-93.230319"><ele>255.0</ele></trkpt>
<trkpt lat="44.973884" lon="-93.230315"><ele>255.0</ele></trkpt>
<trkpt lat="44.973559" lon="-93.230293"><ele>255.0</ele></trkpt>
<trkpt lat="44.972536" lon="-93.230284"><ele>255.5</ele></trkpt>
<trkpt lat="44.971576" lon="-93.230295"><ele>255.9</ele></trkpt>
<trkpt lat="44.970573" lon="-93.230284"><ele>255.8</ele></trkpt>
<trkpt lat="44.970449" lon="-93.230309"><ele>255.6</ele></trkpt>
<trkpt lat="44.970362" lon="-93.230363"><ele>255.2</ele></trkpt>
<trkpt lat="44.970312" lon="-93.230217"><ele>255.6</ele></trkpt>
<trkpt lat="44.970289" lon="-93.230094"><ele>256.0</ele></trkpt>
<trkpt lat="44.970273" lon="-93.229957"><ele>256.1</ele></trkpt>
<trkpt lat="44.970277" lon="-93.229511"><ele>256.5</ele></trkpt>
<trkpt lat="44.970203" lon="-93.229509"><ele>256.2</ele></trkpt>
<trkpt lat="44.970090" lon="-93.229507"><ele>256.0</ele></trkpt>
<trkpt lat="44.970038" lon="-93.229492"><ele>256.0</ele></trkpt>
<trkpt lat="44.969992" lon="-93.229449"><ele>256.1</ele></trkpt>
<trkpt lat="44.969948" lon="-93.229377"><ele>256.3</ele></trkpt>
<trkpt lat="44.969643" lon="-93.228615"><ele>256.9</ele></trkpt>
<trkpt lat="44.969484" lon="-93.228267"><ele>256.7</ele></trkpt>
<trkpt lat="44.969406" lon="-93.228096"><ele>256.6</ele></trkpt>
<trkpt lat="44.968878" lon="-93.227141"><ele>254.3</ele></trkpt>
<trkpt lat="44.968841" lon="-93.227077"><ele>254.3</ele></trkpt>
<trkpt lat="44.968417" lon="-93.226440"><ele>253.6</ele></trkpt>
<trkpt lat="44.967984" lon="-93.225877"><ele>253.1</ele></trkpt>
<trkpt lat="44.967843" lon="-93.225695"><ele>252.6</ele></trkpt>
<trkpt lat="44.967110" lon="-93.224691"><ele>252.4</ele></trkpt>
<trkpt lat="44.966511" lon="-93.223887"><ele>247.0</ele></trkpt>
<trkpt lat="44.965955" lon="-93.223119"><ele>247.3</ele></trkpt>
<trkpt lat="44.965845" lon="-93.222957"><ele>246.9</ele></trkpt>
<trkpt lat="44.965686" lon="-93.222701"><ele>247.1</ele></trkpt>
<trkpt lat="44.965529" lon="-93.222415"><ele>246.8</ele></trkpt>
<trkpt lat="44.965413" lon="-93.222171"><ele>246.6</ele></trkpt>
<trkpt lat="44.965269" lon="-93.221789"><ele>245.8</ele></trkpt>
<trkpt lat="44.965144" lon="-93.221519"><ele>245.7</ele></trkpt>
<trkpt lat="44.965077" lon="-93.221397"><ele>245.9</ele></trkpt>
<trkpt lat="44.964976" lon="-93.221252"><ele>246.3</ele></trkpt>
<trkpt lat="44.964908" lon="-93.221192"><ele>246.7</ele></trkpt>
<trkpt lat="44.964800" lon="-93.221020"><ele>247.4</ele></trkpt>
<trkpt lat="44.964633" lon="-93.220899"><ele>247.4</ele></trkpt>
<trkpt lat="44.964477" lon="-93.220722"><ele>246.9</ele></trkpt>
<trkpt lat="44.964383" lon="-93.220509"><ele>246.7</ele></trkpt>
<trkpt lat="44.964214" lon="-93.220103"><ele>246.7</ele></trkpt>
<trkpt lat="44.964173" lon="-93.220021"><ele>246.7</ele></trkpt>
<trkpt lat="44.964088" lon="-93.219879"><ele>246.7</ele></trkpt>
<trkpt lat="44.963831" lon="-93.219515"><ele>247.0</ele></trkpt>
<trkpt lat="44.962721" lon="-93.217956"><ele>243.7</ele></trkpt>
<trkpt lat="44.961663" lon="-93.216352"><ele>241.2</ele></trkpt>
<trkpt lat="44.960831" lon="-93.215180"><ele>242.7</ele></trkpt>
<trkpt lat="44.960147" lon="-93.214278"><ele>243.2</ele></trkpt>
<trkpt lat="44.959375" lon="-93.213287"><ele>241.1</ele></trkpt>
<trkpt lat="44.958846" lon="-93.212721"><ele>240.4</ele></trkpt>
<trkpt lat="44.958285" lon="-93.212277"><ele>240.8</ele></trkpt>
<trkpt lat="44.957970" lon="-93.212045"><ele>240.9</ele></trkpt>
<trkpt lat="44.957735" lon="-93.211898"><ele>241.7</ele></trkpt>
<trkpt lat="44.957338" lon="-93.211624"><ele>240.5</ele></trkpt>
<trkpt lat="44.957285" lon="-93.211588"><ele>240.3</ele></trkpt>
<trkpt lat="44.957042" lon="-93.211373"><ele>239.4</ele></trkpt>
<trkpt lat="44.956745" lon="-93.211021"><ele>238.1</ele></trkpt>
<trkpt lat="44.956617" lon="-93.210832"><ele>238.3</ele></trkpt>
<trkpt lat="44.956429" lon="-93.210506"><ele>239.4</ele></trkpt>
<trkpt lat="44.955457" lon="-93.208481"><ele>240.3</ele></trkpt>
<trkpt lat="44.955317" lon="-93.208240"><ele>239.8</ele></trkpt>
<trkpt lat="44.955153" lon="-93.208043"><ele>239.4</ele></trkpt>
<trkpt lat="44.954977" lon="-93.207914"><ele>239.3</ele></trkpt>
<trkpt lat="44.954885" lon="-93.207821"><ele>239.8</ele></trkpt>
<trkpt lat="44.954704" lon="-93.207631"><ele>238.2</ele></trkpt>
<trkpt lat="44.954588" lon="-93.207485"><ele>237.2</ele></trkpt>
<trkpt lat="44.954340" lon="-93.207057"><ele>237.2</ele></trkpt>
<trkpt lat="44.954279" lon="-93.206893"><ele>237.2</ele></trkpt>
<trkpt lat="44.953775" lon="-93.205269"><ele>239.2</ele></trkpt>
<trkpt lat="44.953764" lon="-93.205235"><ele>239.1</ele></trkpt>
<trkpt lat="44.953638" lon="-93.204842"><ele>240.5</ele></trkpt>
<trkpt lat="44.953510" lon="-93.204515"><ele>242.3</ele></trkpt>
<trkpt lat="44.953322" lon="-93.204073"><ele>245.0</ele></trkpt>
<trkpt lat="44.953170" lon="-93.203770"><ele>245.8</ele></trkpt>
<trkpt lat="44.953036" lon="-93.203545"><ele>246.0</ele></trkpt>
<trkpt lat="44.952873" lon="-93.203321"><ele>246.3</ele></trkpt>
<trkpt lat="44.952008" lon="-93.202256"><ele>244.9</ele></trkpt>
<trkpt lat="44.951612" lon="-93.201698"><ele>244.7</ele></trkpt>
<trkpt lat="44.951487" lon="-93.201551"><ele>246.3</ele></trkpt>
<trkpt lat="44.951158" lon="-93.201224"><ele>244.2</ele></trkpt>
<trkpt lat="44.950975" lon="-93.201013"><ele>244.4</ele></trkpt>
<trkpt lat="44.950606" lon="-93.200426"><ele>247.3</ele></trkpt>
<trkpt lat="44.950431" lon="-93.200261"><ele>246.8</ele></trkpt>
<trkpt lat="44.950331" lon="-93.200185"><ele>246.4</ele></trkpt>
<trkpt lat="44.950189" lon="-93.200116"><ele>246.0</ele></trkpt>
<trkpt lat="44.950004" lon="-93.200057"><ele>245.5</ele></trkpt>
<trkpt lat="44.949869" lon="-93.200037"><ele>245.2</ele></trkpt>
<trkpt lat="44.949660" lon="-93.200032"><ele>244.8</ele></trkpt>
<trkpt lat="44.949497" lon="-93.200019"><ele>243.2</ele></trkpt>
<trkpt lat="44.949237" lon="-93.199973"><ele>241.8</ele></trkpt>
<trkpt lat="44.948560" lon="-93.199728"><ele>241.9</ele></trkpt>
<trkpt lat="44.948269" lon="-93.199647"><ele>241.9</ele></trkpt>
<trkpt lat="44.947272" lon="-93.199484"><ele>242.1</ele></trkpt>
<trkpt lat="44.946892" lon="-93.199393"><ele>242.8</ele></trkpt>
<trkpt lat="44.946535" lon="-93.199275"><ele>243.3</ele></trkpt>
<trkpt lat="44.946093" lon="-93.199040"><ele>246.2</ele></trkpt>
<trkpt lat="44.945641" lon="-93.198734"><ele>248.5</ele></trkpt>
<trkpt lat="44.945150" lon="-93.198533"><ele>248.8</ele></trkpt>
<trkpt lat="44.944861" lon="-93.198439"><ele>249.2</ele></trkpt>
<trkpt lat="44.944755" lon="-93.198428"><ele>249.6</ele></trkpt>
<trkpt lat="44.944372" lon="-93.198465"><ele>249.6</ele></trkpt>
<trkpt lat="44.943777" lon="-93.198539"><ele>248.6</ele></trkpt>
<trkpt lat="44.943688" lon="-93.198586"><ele>248.2</ele></trkpt>
<trkpt lat="44.943426" lon="-93.198686"><ele>248.1</ele></trkpt>
<trkpt lat="44.943207" lon="-93.198744"><ele>248.2</ele></trkpt>
<trkpt lat="44.943107" lon="-93.198739"><ele>248.4</ele></trkpt>
<trkpt lat="44.943039" lon="-93.198711"><ele>248.5</ele></trkpt>
<trkpt lat="44.942966" lon="-93.198635"><ele>248.7</ele></trkpt>
<trkpt lat="44.942901" lon="-93.198495"><ele>248.8</ele></trkpt>
<trkpt lat="44.942859" lon="-93.198252"><ele>249.2</ele></trkpt>
<trkpt lat="44.942842" lon="-93.197986"><ele>250.1</ele></trkpt>
<trkpt lat="44.942872" lon="-93.197771"><ele>251.4</ele></trkpt>
<trkpt lat="44.943050" lon="-93.195783"><ele>258.3</ele></trkpt>
<trkpt lat="44.943293" lon="-93.193583"><ele>261.7</ele></trkpt>
<trkpt lat="44.943299" lon="-93.193432"><ele>261.9</ele></trkpt>
<trkpt lat="44.943267" lon="-93.193259"><ele>262.1</ele></trkpt>
<trkpt lat="44.943190" lon="-93.193201"><ele>262.1</ele></trkpt>
<trkpt lat="44.943113" lon="-93.193172"><ele>262.1</ele></trkpt>
<trkpt lat="44.943016" lon="-93.193183"><ele>262.1</ele></trkpt>
<trkpt lat="44.942920" lon="-93.193212"><ele>262.2</ele></trkpt>
<trkpt lat="44.942883" lon="-93.193268"><ele>262.2</ele></trkpt>
<trkpt lat="44.942830" lon="-93.193400"><ele>262.3</ele></trkpt>
<trkpt lat="44.942777" lon="-93.193607"><ele>262.2</ele></trkpt>
<trkpt lat="44.942563" lon="-93.194537"><ele>261.7</ele></trkpt>
<trkpt lat="44.942446" lon="-93.194922"><ele>261.3</ele></trkpt>
<trkpt lat="44.942389" lon="-93.195168"><ele>261.3</ele></trkpt>
<trkpt lat="44.942355" lon="-93.195391"><ele>261.2</ele></trkpt>
<trkpt lat="44.942331" lon="-93.195836"><ele>260.9</ele></trkpt>
<trkpt lat="44.942314" lon="-93.195971"><ele>260.8</ele></trkpt>
<trkpt lat="44.942232" lon="-93.196322"><ele>260.0</ele></trkpt>
<trkpt lat="44.942150" lon="-93.196536"><ele>259.4</ele></trkpt>
<trkpt lat="44.942028" lon="-93.196811"><ele>258.5</ele></trkpt>
<trkpt lat="44.941774" lon="-93.197328"><ele>255.6</ele></trkpt>
<trkpt lat="44.941653" lon="-93.197521"><ele>254.7</ele></trkpt>
<trkpt lat="44.941518" lon="-93.197677"><ele>253.8</ele></trkpt>
<trkpt lat="44.941344" lon="-93.197817"><ele>252.9</ele></trkpt>
<trkpt lat="44.941201" lon="-93.197900"><ele>252.3</ele></trkpt>
<trkpt lat="44.940849" lon="-93.197976"><ele>251.2</ele></trkpt>
<trkpt lat="44.940606" lon="-93.197993"><ele>250.3</ele></trkpt>
<trkpt lat="44.940311" lon="-93.197945"><ele>249.8</ele></trkpt>
<trkpt lat="44.940069" lon="-93.197863"><ele>250.0</ele></trkpt>
<trkpt lat="44.939736" lon="-93.197672"><ele>250.2</ele></trkpt>
<trkpt lat="44.939537" lon="-93.197590"><ele>249.5</ele></trkpt>
<trkpt lat="44.939368" lon="-93.197561"><ele>247.5</ele></trkpt>
<trkpt lat="44.938972" lon="-93.197533"><ele>250.3</ele></trkpt>
<trkpt lat="44.938747" lon="-93.197540"><ele>251.3</ele></trkpt>
<trkpt lat="44.938401" lon="-93.197626"><ele>251.3</ele></trkpt>
<trkpt lat="44.937079" lon="-93.198012"><ele>250.2</ele></trkpt>
<trkpt lat="44.936112" lon="-93.198263"><ele>247.3</ele></trkpt>
<trkpt lat="44.934967" lon="-93.198463"><ele>249.4</ele></trkpt>
<trkpt lat="44.934838" lon="-93.198473"><ele>249.4</ele></trkpt>
<trkpt lat="44.934702" lon="-93.198467"><ele>249.5</ele></trkpt>
<trkpt lat="44.934228" lon="-93.198396"><ele>248.7</ele></trkpt>
<trkpt lat="44.933951" lon="-93.198428"><ele>247.6</ele></trkpt>
<trkpt lat="44.933695" lon="-93.198507"><ele>246.4</ele></trkpt>
<trkpt lat="44.933566" lon="-93.198529"><ele>246.3</ele></trkpt>
<trkpt lat="44.933399" lon="-93.198533"><ele>246.2</ele></trkpt>
<trkpt lat="44.933301" lon="-93.198523"><ele>246.0</ele></trkpt>
<trkpt lat="44.933184" lon="-93.198491"><ele>245.6</ele></trkpt>
<trkpt lat="44.933071" lon="-93.198445"><ele>245.4</ele></trkpt>
<trkpt lat="44.932950" lon="-93.198380"><ele>244.8</ele></trkpt>
<trkpt lat="44.932808" lon="-93.198282"><ele>243.7</ele></trkpt>
<trkpt lat="44.932610" lon="-93.198143"><ele>245.3</ele></trkpt>
<trkpt lat="44.932482" lon="-93.198063"><ele>247.1</ele></trkpt>
<trkpt lat="44.932342" lon="-93.198018"><ele>247.1</ele></trkpt>
<trkpt lat="44.931281" lon="-93.197766"><ele>247.6</ele></trkpt>
<trkpt lat="44.930578" lon="-93.197732"><ele>248.7</ele></trkpt>
<trkpt lat="44.930397" lon="-93.197694"><ele>248.5</ele></trkpt>
<trkpt lat="44.929689" lon="-93.197440"><ele>248.9</ele></trkpt>
<trkpt lat="44.928964" lon="-93.197151"><ele>248.7</ele></trkpt>
<trkpt lat="44.928411" lon="-93.196980"><ele>248.5</ele></trkpt>
<trkpt lat="44.927876" lon="-93.196891"><ele>248.6</ele></trkpt>
<trkpt lat="44.927141" lon="-93.196803"><ele>249.4</ele></trkpt>
<trkpt lat="44.927009" lon="-93.196796"><ele>249.7</ele></trkpt>
<trkpt lat="44.926941" lon="-93.196809"><ele>249.4</ele></trkpt>
<trkpt lat="44.925316" lon="-93.197150"><ele>248.2</ele></trkpt>
<trkpt lat="44.924840" lon="-93.197337"><ele>248.0</ele></trkpt>
<trkpt lat="44.923403" lon="-93.197876"><ele>246.4</ele></trkpt>
<trkpt lat="44.923137" lon="-93.197933"><ele>246.6</ele></trkpt>
<trkpt lat="44.922984" lon="-93.197940"><ele>247.6</ele></trkpt>
<trkpt lat="44.922842" lon="-93.197906"><ele>248.4</ele></trkpt>
<trkpt lat="44.922772" lon="-93.197878"><ele>248.9</ele></trkpt>
<trkpt lat="44.922625" lon="-93.197779"><ele>249.8</ele></trkpt>
<trkpt lat="44.922526" lon="-93.197680"><ele>249.4</ele></trkpt>
<trkpt lat="44.922440" lon="-93.197568"><ele>249.0</ele></trkpt>
<trkpt lat="44.922321" lon="-93.197357"><ele>248.8</ele></trkpt>
<trkpt lat="44.922182" lon="-93.197146"><ele>247.6</ele></trkpt>
<trkpt lat="44.922155" lon="-93.197115"><ele>247.5</ele></trkpt>
<trkpt lat="44.922023" lon="-93.197018"><ele>247.2</ele></trkpt>
<trkpt lat="44.921941" lon="-93.196994"><ele>246.8</ele></trkpt>
<trkpt lat="44.921863" lon="-93.196984"><ele>246.5</ele></trkpt>
<trkpt lat="44.921794" lon="-93.196991"><ele>246.6</ele></trkpt>
<trkpt lat="44.921722" lon="-93.197015"><ele>247.2</ele></trkpt>
<trkpt lat="44.921628" lon="-93.197069"><ele>247.7</ele></trkpt>
<trkpt lat="44.921577" lon="-93.197113"><ele>247.5</ele></trkpt>
<trkpt lat="44.921503" lon="-93.197194"><ele>247.6</ele></trkpt>
<trkpt lat="44.921456" lon="-93.197273"><ele>247.6</ele></trkpt>
<trkpt lat="44.921415" lon="-93.197370"><ele>247.5</ele></trkpt>
<trkpt lat="44.921385" lon="-93.197483"><ele>247.3</ele></trkpt>
<trkpt lat="44.921307" lon="-93.198072"><ele>246.2</ele></trkpt>
<trkpt lat="44.921277" lon="-93.198194"><ele>246.0</ele></trkpt>
<trkpt lat="44.921234" lon="-93.198306"><ele>245.7</ele></trkpt>
<trkpt lat="44.921198" lon="-93.198375"><ele>245.6</ele></trkpt>
<trkpt lat="44.921071" lon="-93.198552"><ele>245.3</ele></trkpt>
<trkpt lat="44.920999" lon="-93.198629"><ele>244.9</ele></trkpt>
<trkpt lat="44.920874" lon="-93.198699"><ele>244.9</ele></trkpt>
<trkpt lat="44.920653" lon="-93.198790"><ele>245.3</ele></trkpt>
<trkpt lat="44.920472" lon="-93.198847"><ele>244.2</ele></trkpt>
<trkpt lat="44.919793" lon="-93.199001"><ele>242.3</ele></trkpt>
<trkpt lat="44.919585" lon="-93.199034"><ele>244.0</ele></trkpt>
<trkpt lat="44.919338" lon="-93.199038"><ele>244.8</ele></trkpt>
<trkpt lat="44.918918" lon="-93.198976"><ele>243.7</ele></trkpt>
<trkpt lat="44.918448" lon="-93.198881"><ele>240.7</ele></trkpt>
<trkpt lat="44.918314" lon="-93.198852"><ele>240.5</ele></trkpt>
<trkpt lat="44.918038" lon="-93.198818"><ele>238.7</ele></trkpt>
<trkpt lat="44.917727" lon="-93.198825"><ele>238.7</ele></trkpt>
<trkpt lat="44.917268" lon="-93.198856"><ele>242.7</ele></trkpt>
<trkpt lat="44.916783" lon="-93.198894"><ele>244.5</ele></trkpt>
<trkpt lat="44.916428" lon="-93.198891"><ele>245.0</ele></trkpt>
<trkpt lat="44.916162" lon="-93.198866"><ele>245.3</ele></trkpt>
<trkpt lat="44.915872" lon="-93.198797"><ele>246.1</ele></trkpt>
<trkpt lat="44.915537" lon="-93.198689"><ele>243.9</ele></trkpt>
<trkpt lat="44.914986" lon="-93.198408"><ele>246.7</ele></trkpt>
<trkpt lat="44.914623" lon="-93.198172"><ele>246.6</ele></trkpt>
<trkpt lat="44.914215" lon="-93.197858"><ele>246.8</ele></trkpt>
<trkpt lat="44.913748" lon="-93.197458"><ele>247.0</ele></trkpt>
<trkpt lat="44.913490" lon="-93.197260"><ele>247.1</ele></trkpt>
<trkpt lat="44.913060" lon="-93.196985"><ele>246.8</ele></trkpt>
<trkpt lat="44.912739" lon="-93.196796"><ele>246.7</ele></trkpt>
<trkpt lat="44.912084" lon="-93.196464"><ele>246.0</ele></trkpt>
<trkpt lat="44.911820" lon="-93.196329"><ele>245.6</ele></trkpt>
<trkpt lat="44.912246" lon="-93.194705"><ele>246.0</ele></trkpt>
<trkpt lat="44.912553" lon="-93.193487"><ele>248.0</ele></trkpt>
<trkpt lat="44.912606" lon="-93.193099"><ele>248.3</ele></trkpt>
<trkpt lat="44.912661" lon="-93.192558"><ele>249.0</ele></trkpt>
<trkpt lat="44.912665" lon="-93.192404"><ele>248.9</ele></trkpt>
<trkpt lat="44.912656" lon="-93.192100"><ele>249.2</ele></trkpt>
<trkpt lat="44.912622" lon="-93.191657"><ele>249.6</ele></trkpt>
<trkpt lat="44.912534" lon="-93.191062"><ele>250.5</ele></trkpt>
<trkpt lat="44.912506" lon="-93.190670"><ele>251.2</ele></trkpt>
<trkpt lat="44.912506" lon="-93.190233"><ele>252.2</ele></trkpt>
<trkpt lat="44.912499" lon="-93.187537"><ele>255.0</ele></trkpt>
<trkpt lat="44.912531" lon="-93.187391"><ele>255.1</ele></trkpt>
<trkpt lat="44.912552" lon="-93.185037"><ele>260.0</ele></trkpt>
<trkpt lat="44.912500" lon="-93.184822"><ele>260.0</ele></trkpt>
<trkpt lat="44.912506" lon="-93.183624"><ele>263.1</ele></trkpt>
<trkpt lat="44.912500" lon="-93.177317"><ele>279.6</ele></trkpt>
<trkpt lat="44.912529" lon="-93.177200"><ele>279.5</ele></trkpt>
<trkpt lat="44.912534" lon="-93.174094"><ele>284.8</ele></trkpt>
<trkpt lat="44.912537" lon="-93.172117"><ele>288.2</ele></trkpt>
<trkpt lat="44.912523" lon="-93.167046"><ele>299.2</ele></trkpt>
<trkpt lat="44.912522" lon="-93.166916"><ele>299.1</ele></trkpt>
<trkpt lat="44.912493" lon="-93.159305"><ele>281.2</ele></trkpt>
<trkpt lat="44.912474" lon="-93.156838"><ele>273.0</ele></trkpt>
<trkpt lat="44.912466" lon="-93.154495"><ele>266.3</ele></trkpt>
<trkpt lat="44.912440" lon="-93.150361"><ele>248.3</ele></trkpt>
<trkpt lat="44.912432" lon="-93.149602"><ele>246.0</ele></trkpt>
<trkpt lat="44.912437" lon="-93.149308"><ele>246.0</ele></trkpt>
<trkpt lat="44.913071" lon="-93.148353"><ele>244.1</ele></trkpt>
<trkpt lat="44.915521" lon="-93.144747"><ele>239.0</ele></trkpt>
<trkpt lat="44.915932" lon="-93.144120"><ele>243.2</ele></trkpt>
<trkpt lat="44.916373" lon="-93.143481"><ele>243.9</ele></trkpt>
<trkpt lat="44.916638" lon="-93.143112"><ele>243.0</ele></trkpt>
<trkpt lat="44.917098" lon="-93.142416"><ele>243.0</ele></trkpt>
<trkpt lat="44.918217" lon="-93.140788"><ele>242.0</ele></trkpt>
<trkpt lat="44.918760" lon="-93.139968"><ele>241.0</ele></trkpt>
<trkpt lat="44.919668" lon="-93.138629"><ele>241.0</ele></trkpt>
<trkpt lat="44.919655" lon="-93.138207"><ele>240.9</ele></trkpt>
<trkpt lat="44.919647" lon="-93.136436"><ele>239.1</ele></trkpt>
<trkpt lat="44.919658" lon="-93.135301"><ele>239.0</ele></trkpt>
<trkpt lat="44.919652" lon="-93.132920"><ele>238.5</ele></trkpt>
<trkpt lat="44.919642" lon="-93.131901"><ele>235.0</ele></trkpt>
<trkpt lat="44.919617" lon="-93.131686"><ele>233.8</ele></trkpt>
<trkpt lat="44.919578" lon="-93.131574"><ele>233.2</ele></trkpt>
<trkpt lat="44.919384" lon="-93.131249"><ele>231.3</ele></trkpt>
<trkpt lat="44.919288" lon="-93.131105"><ele>231.0</ele></trkpt>
<trkpt lat="44.919676" lon="-93.130663"><ele>229.4</ele></trkpt>
<trkpt lat="44.919827" lon="-93.130469"><ele>228.7</ele></trkpt>
<trkpt lat="44.920598" lon="-93.129384"><ele>228.3</ele></trkpt>
<trkpt lat="44.920777" lon="-93.129111"><ele>228.5</ele></trkpt>
<trkpt lat="44.921147" lon="-93.128498"><ele>228.5</ele></trkpt>
<trkpt lat="44.921394" lon="-93.128044"><ele>228.2</ele></trkpt>
<trkpt lat="44.921484" lon="-93.127877"><ele>228.1</ele></trkpt>
<trkpt lat="44.921947" lon="-93.126933"><ele>226.6</ele></trkpt>
<trkpt lat="44.922087" lon="-93.126617"><ele>225.8</ele></trkpt>
<trkpt lat="44.922221" lon="-93.126284"><ele>224.7</ele></trkpt>
<trkpt lat="44.922459" lon="-93.125568"><ele>222.8</ele></trkpt>
<trkpt lat="44.922708" lon="-93.124582"><ele>221.0</ele></trkpt>
<trkpt lat="44.922784" lon="-93.124322"><ele>220.9</ele></trkpt>
<trkpt lat="44.922876" lon="-93.124057"><ele>220.8</ele></trkpt>
<trkpt lat="44.922977" lon="-93.123791"><ele>220.8</ele></trkpt>
<trkpt lat="44.923091" lon="-93.123524"><ele>220.9</ele></trkpt>
<trkpt lat="44.923197" lon="-93.123310"><ele>221.0</ele></trkpt>
<trkpt lat="44.923320" lon="-93.123080"><ele>221.3</ele></trkpt>
<trkpt lat="44.923578" lon="-93.122666"><ele>221.8</ele></trkpt>
<trkpt lat="44.923901" lon="-93.122262"><ele>222.7</ele></trkpt>
<trkpt lat="44.924423" lon="-93.121701"><ele>224.3</ele></trkpt>
<trkpt lat="44.924790" lon="-93.121352"><ele>225.2</ele></trkpt>
<trkpt lat="44.925169" lon="-93.121042"><ele>225.8</ele></trkpt>
<trkpt lat="44.925361" lon="-93.120903"><ele>225.8</ele></trkpt>
<trkpt lat="44.925562" lon="-93.120774"><ele>225.9</ele></trkpt>
<trkpt lat="44.925974" lon="-93.120546"><ele>226.1</ele></trkpt>
<trkpt lat="44.926390" lon="-93.120362"><ele>226.6</ele></trkpt>
<trkpt lat="44.927079" lon="-93.120103"><ele>228.0</ele></trkpt>
<trkpt lat="44.927180" lon="-93.120042"><ele>228.0</ele></trkpt>
<trkpt lat="44.927356" lon="-93.119934"><ele>228.0</ele></trkpt>
<trkpt lat="44.927631" lon="-93.119747"><ele>228.0</ele></trkpt>
<trkpt lat="44.927745" lon="-93.119654"><ele>227.7</ele></trkpt>
<trkpt lat="44.928060" lon="-93.119352"><ele>226.7</ele></trkpt>
<trkpt lat="44.928275" lon="-93.119097"><ele>225.9</ele></trkpt>
<trkpt lat="44.928415" lon="-93.118908"><ele>225.4</ele></trkpt>
<trkpt lat="44.929266" lon="-93.117584"><ele>219.1</ele></trkpt>
<trkpt lat="44.929416" lon="-93.117361"><ele>217.9</ele></trkpt>
<trkpt lat="44.929731" lon="-93.116934"><ele>216.4</ele></trkpt>
<trkpt lat="44.933134" lon="-93.112820"><ele>215.9</ele></trkpt>
<trkpt lat="44.933303" lon="-93.112607"><ele>216.3</ele></trkpt>
<trkpt lat="44.933596" lon="-93.112204"><ele>217.2</ele></trkpt>
<trkpt lat="44.933760" lon="-93.111962"><ele>217.6</ele></trkpt>
<trkpt lat="44.935190" lon="-93.109638"><ele>216.8</ele></trkpt>
<trkpt lat="44.935878" lon="-93.108465"><ele>216.5</ele></trkpt>
<trkpt lat="44.937387" lon="-93.105798"><ele>216.9</ele></trkpt>
<trkpt lat="44.937584" lon="-93.105441"><ele>216.7</ele></trkpt>
<trkpt lat="44.938235" lon="-93.104207"><ele>216.9</ele></trkpt>
<trkpt lat="44.940534" lon="-93.099751"><ele>216.6</ele></trkpt>
<trkpt lat="44.940625" lon="-93.099542"><ele>216.1</ele></trkpt>
<trkpt lat="44.940966" lon="-93.098872"><ele>216.0</ele></trkpt>
<trkpt lat="44.941197" lon="-93.098396"><ele>215.3</ele></trkpt>
<trkpt lat="44.941773" lon="-93.097138"><ele>215.3</ele></trkpt>
<trkpt lat="44.942255" lon="-93.095997"><ele>214.8</ele></trkpt>
<trkpt lat="44.942382" lon="-93.095673"><ele>214.8</ele></trkpt>
<trkpt lat="44.942510" lon="-93.095307"><ele>214.6</ele></trkpt>
<trkpt lat="44.942601" lon="-93.095019"><ele>214.4</ele></trkpt>
<trkpt lat="44.942769" lon="-93.094427"><ele>214.1</ele></trkpt>
<trkpt lat="44.943649" lon="-93.090987"><ele>213.6</ele></trkpt>
<trkpt lat="44.943782" lon="-93.090486"><ele>213.6</ele></trkpt>
<trkpt lat="44.943917" lon="-93.090043"><ele>213.5</ele></trkpt>
<trkpt lat="44.944076" lon="-93.089611"><ele>213.4</ele></trkpt>
<trkpt lat="44.944609" lon="-93.088229"><ele>213.2</ele></trkpt>
<trkpt lat="44.944931" lon="-93.087556"><ele>213.1</ele></trkpt>
<trkpt lat="44.945384" lon="-93.086525"><ele>212.9</ele></trkpt>
<trkpt lat="44.945749" lon="-93.085667"><ele>213.8</ele></trkpt>
<trkpt lat="44.945845" lon="-93.085350"><ele>214.0</ele></trkpt>
<trkpt lat="44.946357" lon="-93.084063"><ele>214.3</ele></trkpt>
<trkpt lat="44.946634" lon="-93.083410"><ele>214.7</ele></trkpt>
<trkpt lat="44.946883" lon="-93.082864"><ele>214.4</ele></trkpt>
<trkpt lat="44.947062" lon="-93.082471"><ele>214.1</ele></trkpt>
<trkpt lat="44.948142" lon="-93.080159"><ele>215.0</ele></trkpt>
<trkpt lat="44.948346" lon="-93.079703"><ele>216.2</ele></trkpt>
<trkpt lat="44.948641" lon="-93.078956"><ele>217.7</ele></trkpt>
<trkpt lat="44.948785" lon="-93.078553"><ele>218.5</ele></trkpt>
<trkpt lat="44.949005" lon="-93.077854"><ele>219.9</ele></trkpt>
<trkpt lat="44.949200" lon="-93.077118"><ele>221.5</ele></trkpt>
<trkpt lat="44.949262" lon="-93.076843"><ele>221.8</ele></trkpt>
<trkpt lat="44.949313" lon="-93.076560"><ele>222.1</ele></trkpt>
<trkpt lat="44.949352" lon="-93.076285"><ele>222.2</ele></trkpt>
<trkpt lat="44.949380" lon="-93.075993"><ele>222.2</ele></trkpt>
<trkpt lat="44.949399" lon="-93.075708"><ele>222.1</ele></trkpt>
<trkpt lat="44.949404" lon="-93.075197"><ele>221.4</ele></trkpt>
<trkpt lat="44.949385" lon="-93.074800"><ele>220.9</ele></trkpt>
<trkpt lat="44.949333" lon="-93.074220"><ele>220.1</ele></trkpt>
<trkpt lat="44.949264" lon="-93.073631"><ele>219.0</ele></trkpt>
<trkpt lat="44.949181" lon="-93.073064"><ele>217.8</ele></trkpt>
<trkpt lat="44.949082" lon="-93.072503"><ele>216.8</ele></trkpt>
<trkpt lat="44.948967" lon="-93.071945"><ele>215.9</ele></trkpt>
<trkpt lat="44.948845" lon="-93.071423"><ele>215.5</ele></trkpt>
<trkpt lat="44.948639" lon="-93.070669"><ele>215.1</ele></trkpt>
<trkpt lat="44.947168" lon="-93.066037"><ele>213.6</ele></trkpt>
<trkpt lat="44.946994" lon="-93.065508"><ele>213.5</ele></trkpt>
<trkpt lat="44.946812" lon="-93.064995"><ele>213.5</ele></trkpt>
<trkpt lat="44.946241" lon="-93.063467"><ele>213.7</ele></trkpt>
<trkpt lat="44.945275" lon="-93.060629"><ele>213.7</ele></trkpt>
<trkpt lat="44.945095" lon="-93.060121"><ele>213.6</ele></trkpt>
<trkpt lat="44.944772" lon="-93.059283"><ele>213.6</ele></trkpt>
<trkpt lat="44.944089" lon="-93.057620"><ele>214.1</ele></trkpt>
<trkpt lat="44.943963" lon="-93.057277"><ele>214.4</ele></trkpt>
<trkpt lat="44.943848" lon="-93.056916"><ele>215.1</ele></trkpt>
<trkpt lat="44.943705" lon="-93.056347"><ele>216.2</ele></trkpt>
<trkpt lat="44.943633" lon="-93.055968"><ele>216.9</ele></trkpt>
<trkpt lat="44.943604" lon="-93.055777"><ele>217.2</ele></trkpt>
<trkpt lat="44.943556" lon="-93.055393"><ele>217.8</ele></trkpt>
<trkpt lat="44.943529" lon="-93.055042"><ele>217.9</ele></trkpt>
<trkpt lat="44.943518" lon="-93.054492"><ele>218.6</ele></trkpt>
<trkpt lat="44.943528" lon="-93.054298"><ele>218.8</ele></trkpt>
<trkpt lat="44.943574" lon="-93.053888"><ele>219.4</ele></trkpt>
<trkpt lat="44.943649" lon="-93.053482"><ele>219.9</ele></trkpt>
<trkpt lat="44.943693" lon="-93.053304"><ele>220.2</ele></trkpt>
<trkpt lat="44.943803" lon="-93.052944"><ele>220.6</ele></trkpt>
<trkpt lat="44.944281" lon="-93.051608"><ele>222.5</ele></trkpt>
<trkpt lat="44.944496" lon="-93.050935"><ele>225.6</ele></trkpt>
<trkpt lat="44.944665" lon="-93.050323"><ele>225.8</ele></trkpt>
<trkpt lat="44.945043" lon="-93.048602"><ele>223.6</ele></trkpt>
<trkpt lat="44.945131" lon="-93.048272"><ele>223.3</ele></trkpt>
<trkpt lat="44.945426" lon="-93.047251"><ele>222.0</ele></trkpt>
<trkpt lat="44.945662" lon="-93.046399"><ele>223.3</ele></trkpt>
<trkpt lat="44.945910" lon="-93.045550"><ele>226.0</ele></trkpt>
<trkpt lat="44.946200" lon="-93.044622"><ele>230.5</ele></trkpt>
<trkpt lat="44.946285" lon="-93.044310"><ele>232.1</ele></trkpt>
<trkpt lat="44.946414" lon="-93.043760"><ele>235.0</ele></trkpt>
<trkpt lat="44.946643" lon="-93.042584"><ele>240.7</ele></trkpt>
<trkpt lat="44.946698" lon="-93.042088"><ele>243.1</ele></trkpt>
<trkpt lat="44.946797" lon="-93.041580"><ele>244.6</ele></trkpt>
<trkpt lat="44.946814" lon="-93.041437"><ele>244.8</ele></trkpt>
<trkpt lat="44.946822" lon="-93.041293"><ele>244.9</ele></trkpt>
<trkpt lat="44.946814" lon="-93.041138"><ele>244.9</ele></trkpt>
<trkpt lat="44.946797" lon="-93.040991"><ele>244.8</ele></trkpt>
<trkpt lat="44.946772" lon="-93.040864"><ele>244.6</ele></trkpt>
<trkpt lat="44.946732" lon="-93.040722"><ele>244.1</ele></trkpt>
<trkpt lat="44.946679" lon="-93.040574"><ele>243.6</ele></trkpt>
<trkpt lat="44.946609" lon="-93.040441"><ele>243.0</ele></trkpt>
<trkpt lat="44.946514" lon="-93.040294"><ele>242.2</ele></trkpt>
<trkpt lat="44.946348" lon="-93.040103"><ele>240.9</ele></trkpt>
<trkpt lat="44.946188" lon="-93.039885"><ele>239.4</ele></trkpt>
<trkpt lat="44.945958" lon="-93.039464"><ele>238.1</ele></trkpt>
<trkpt lat="44.945790" lon="-93.039196"><ele>237.1</ele></trkpt>
<trkpt lat="44.945636" lon="-93.038912"><ele>235.8</ele></trkpt>
<trkpt lat="44.944767" lon="-93.036980"><ele>229.5</ele></trkpt>
<trkpt lat="44.944636" lon="-93.036732"><ele>229.0</ele></trkpt>
<trkpt lat="44.944495" lon="-93.036496"><ele>228.5</ele></trkpt>
<trkpt lat="44.944325" lon="-93.036244"><ele>227.9</ele></trkpt>
<trkpt lat="44.944252" lon="-93.036149"><ele>227.8</ele></trkpt>
<trkpt lat="44.943995" lon="-93.035837"><ele>226.7</ele></trkpt>
<trkpt lat="44.943795" lon="-93.035633"><ele>226.2</ele></trkpt>
<trkpt lat="44.943610" lon="-93.035467"><ele>225.9</ele></trkpt>
<trkpt lat="44.943223" lon="-93.035173"><ele>225.2</ele></trkpt>
<trkpt lat="44.942976" lon="-93.035033"><ele>224.7</ele></trkpt>
<trkpt lat="44.941514" lon="-93.034115"><ele>220.6</ele></trkpt>
<trkpt lat="44.938733" lon="-93.032425"><ele>215.1</ele></trkpt>
<trkpt lat="44.936397" lon="-93.030994"><ele>219.2</ele></trkpt>
<trkpt lat="44.936068" lon="-93.030771"><ele>220.0</ele></trkpt>
<trkpt lat="44.935816" lon="-93.030554"><ele>220.5</ele></trkpt>
<trkpt lat="44.935512" lon="-93.030278"><ele>220.9</ele></trkpt>
<trkpt lat="44.935228" lon="-93.029978"><ele>220.7</ele></trkpt>
<trkpt lat="44.935062" lon="-93.029770"><ele>220.6</ele></trkpt>
<trkpt lat="44.934653" lon="-93.029262"><ele>221.6</ele></trkpt>
<trkpt lat="44.933825" lon="-93.028202"><ele>219.6</ele></trkpt>
<trkpt lat="44.932568" lon="-93.026631"><ele>216.8</ele></trkpt>
<trkpt lat="44.932042" lon="-93.026056"><ele>215.9</ele></trkpt>
<trkpt lat="44.931556" lon="-93.025603"><ele>216.2</ele></trkpt>
<trkpt lat="44.931035" lon="-93.025187"><ele>216.5</ele></trkpt>
<trkpt lat="44.929610" lon="-93.024138"><ele>219.4</ele></trkpt>
<trkpt lat="44.929144" lon="-93.023716"><ele>220.2</ele></trkpt>
<trkpt lat="44.928762" lon="-93.023318"><ele>220.8</ele></trkpt>
<trkpt lat="44.927196" lon="-93.021818"><ele>219.3</ele></trkpt>
<trkpt lat="44.923924" lon="-93.018829"><ele>217.7</ele></trkpt>
<trkpt lat="44.923568" lon="-93.018532"><ele>218.2</ele></trkpt>
<trkpt lat="44.923319" lon="-93.018353"><ele>218.4</ele></trkpt>
<trkpt lat="44.922942" lon="-93.018127"><ele>218.5</ele></trkpt>
<trkpt lat="44.922675" lon="-93.017991"><ele>218.5</ele></trkpt>
<trkpt lat="44.920357" lon="-93.016894"><ele>218.9</ele></trkpt>
<trkpt lat="44.918639" lon="-93.016082"><ele>219.2</ele></trkpt>
<trkpt lat="44.917852" lon="-93.015752"><ele>219.0</ele></trkpt>
<trkpt lat="44.917320" lon="-93.015555"><ele>218.8</ele></trkpt>
<trkpt lat="44.916781" lon="-93.015375"><ele>218.8</ele></trkpt>
<trkpt lat="44.916114" lon="-93.015185"><ele>218.8</ele></trkpt>
<trkpt lat="44.915706" lon="-93.015084"><ele>218.7</ele></trkpt>
<trkpt lat="44.915019" lon="-93.014940"><ele>218.6</ele></trkpt>
<trkpt lat="44.913402" lon="-93.014664"><ele>217.9</ele></trkpt>
<trkpt lat="44.912672" lon="-93.014501"><ele>217.9</ele></trkpt>
<trkpt lat="44.912018" lon="-93.014327"><ele>218.0</ele></trkpt>
<trkpt lat="44.911524" lon="-93.014173"><ele>218.1</ele></trkpt>
<trkpt lat="44.910969" lon="-93.013981"><ele>218.6</ele></trkpt>
<trkpt lat="44.910449" lon="-93.013776"><ele>218.8</ele></trkpt>
<trkpt lat="44.909604" lon="-93.013413"><ele>219.3</ele></trkpt>
<trkpt lat="44.908899" lon="-93.013125"><ele>219.9</ele></trkpt>
<trkpt lat="44.908561" lon="-93.012996"><ele>219.8</ele></trkpt>
<trkpt lat="44.907239" lon="-93.012529"><ele>221.7</ele></trkpt>
<trkpt lat="44.906614" lon="-93.012289"><ele>223.2</ele></trkpt>
<trkpt lat="44.903881" lon="-93.011124"><ele>227.5</ele></trkpt>
<trkpt lat="44.903195" lon="-93.010851"><ele>228.1</ele></trkpt>
<trkpt lat="44.902518" lon="-93.010598"><ele>228.7</ele></trkpt>
<trkpt lat="44.902142" lon="-93.010489"><ele>228.6</ele></trkpt>
<trkpt lat="44.901738" lon="-93.010394"><ele>228.3</ele></trkpt>
<trkpt lat="44.901489" lon="-93.010350"><ele>228.1</ele></trkpt>
<trkpt lat="44.899547" lon="-93.010070"><ele>223.2</ele></trkpt>
<trkpt lat="44.899069" lon="-93.009977"><ele>222.4</ele></trkpt>
<trkpt lat="44.898720" lon="-93.009885"><ele>222.2</ele></trkpt>
<trkpt lat="44.898356" lon="-93.009765"><ele>221.9</ele></trkpt>
<trkpt lat="44.892091" lon="-93.007295"><ele>220.5</ele></trkpt>
<trkpt lat="44.891551" lon="-93.007076"><ele>221.4</ele></trkpt>
<trkpt lat="44.890788" lon="-93.006732"><ele>223.6</ele></trkpt>
<trkpt lat="44.889926" lon="-93.006295"><ele>224.2</ele></trkpt>
<trkpt lat="44.888739" lon="-93.005647"><ele>224.6</ele></trkpt>
<trkpt lat="44.888392" lon="-93.005467"><ele>224.3</ele></trkpt>
<trkpt lat="44.887731" lon="-93.005163"><ele>223.3</ele></trkpt>
<trkpt lat="44.887234" lon="-93.004964"><ele>223.2</ele></trkpt>
<trkpt lat="44.886799" lon="-93.004812"><ele>223.5</ele></trkpt>
<trkpt lat="44.886306" lon="-93.004673"><ele>223.7</ele></trkpt>
<trkpt lat="44.885365" lon="-93.004458"><ele>223.9</ele></trkpt>
<trkpt lat="44.882623" lon="-93.003888"><ele>226.1</ele></trkpt>
<trkpt lat="44.881482" lon="-93.003628"><ele>226.3</ele></trkpt>
<trkpt lat="44.880480" lon="-93.003370"><ele>227.0</ele></trkpt>
<trkpt lat="44.879470" lon="-93.003087"><ele>227.6</ele></trkpt>
<trkpt lat="44.877574" lon="-93.002509"><ele>228.9</ele></trkpt>
<trkpt lat="44.875891" lon="-93.001957"><ele>229.5</ele></trkpt>
<trkpt lat="44.868095" lon="-92.999331"><ele>229.1</ele></trkpt>
<trkpt lat="44.867694" lon="-92.999204"><ele>229.3</ele></trkpt>
<trkpt lat="44.866808" lon="-92.998958"><ele>229.3</ele></trkpt>
<trkpt lat="44.863854" lon="-92.998206"><ele>227.8</ele></trkpt>
<trkpt lat="44.863051" lon="-92.997986"><ele>227.4</ele></trkpt>
<trkpt lat="44.862653" lon="-92.997854"><ele>227.4</ele></trkpt>
<trkpt lat="44.862254" lon="-92.997699"><ele>228.0</ele></trkpt>
<trkpt lat="44.861288" lon="-92.997217"><ele>228.2</ele></trkpt>
<trkpt lat="44.856389" lon="-92.994644"><ele>231.0</ele></trkpt>
<trkpt lat="44.854251" lon="-92.993516"><ele>233.7</ele></trkpt>
<trkpt lat="44.853717" lon="-92.993214"><ele>234.4</ele></trkpt>
<trkpt lat="44.853439" lon="-92.993034"><ele>234.8</ele></trkpt>
<trkpt lat="44.852894" lon="-92.992643"><ele>235.6</ele></trkpt>
<trkpt lat="44.852558" lon="-92.992369"><ele>236.1</ele></trkpt>
<trkpt lat="44.852258" lon="-92.992101"><ele>236.6</ele></trkpt>
<trkpt lat="44.851953" lon="-92.991809"><ele>237.1</ele></trkpt>
<trkpt lat="44.851612" lon="-92.991449"><ele>237.6</ele></trkpt>
<trkpt lat="44.851353" lon="-92.991158"><ele>237.9</ele></trkpt>
<trkpt lat="44.851114" lon="-92.990869"><ele>238.2</ele></trkpt>
<trkpt lat="44.850895" lon="-92.990589"><ele>238.5</ele></trkpt>
<trkpt lat="44.850416" lon="-92.989934"><ele>239.2</ele></trkpt>
<trkpt lat="44.850238" lon="-92.989657"><ele>239.4</ele></trkpt>
<trkpt lat="44.849966" lon="-92.989193"><ele>239.7</ele></trkpt>
<trkpt lat="44.849717" lon="-92.988728"><ele>240.0</ele></trkpt>
<trkpt lat="44.849560" lon="-92.988413"><ele>240.3</ele></trkpt>
<trkpt lat="44.848053" lon="-92.985164"><ele>241.0</ele></trkpt>
<trkpt lat="44.847899" lon="-92.984863"><ele>241.0</ele></trkpt>
<trkpt lat="44.847726" lon="-92.984553"><ele>240.7</ele></trkpt>
<trkpt lat="44.847550" lon="-92.984264"><ele>240.4</ele></trkpt>
<trkpt lat="44.847361" lon="-92.983978"><ele>240.2</ele></trkpt>
<trkpt lat="44.842662" lon="-92.977245"><ele>241.0</ele></trkpt>
<trkpt lat="44.841688" lon="-92.975901"><ele>241.7</ele></trkpt>
<trkpt lat="44.840775" lon="-92.974711"><ele>241.8</ele></trkpt>
<trkpt lat="44.839180" lon="-92.972699"><ele>240.4</ele></trkpt>
<trkpt lat="44.838327" lon="-92.971654"><ele>240.4</ele></trkpt>
<trkpt lat="44.836244" lon="-92.969049"><ele>240.3</ele></trkpt>
<trkpt lat="44.835224" lon="-92.967741"><ele>240.4</ele></trkpt>
<trkpt lat="44.834575" lon="-92.966929"><ele>240.4</ele></trkpt>
<trkpt lat="44.833711" lon="-92.965879"><ele>240.2</ele></trkpt>
<trkpt lat="44.833217" lon="-92.965230"><ele>240.1</ele></trkpt>
<trkpt lat="44.832111" lon="-92.963864"><ele>240.1</ele></trkpt>
<trkpt lat="44.831228" lon="-92.962702"><ele>240.1</ele></trkpt>
<trkpt lat="44.830648" lon="-92.961900"><ele>240.3</ele></trkpt>
<trkpt lat="44.830285" lon="-92.961352"><ele>240.7</ele></trkpt>
<trkpt lat="44.829754" lon="-92.960611"><ele>240.9</ele></trkpt>
<trkpt lat="44.829010" lon="-92.959401"><ele>241.9</ele></trkpt>
<trkpt lat="44.828347" lon="-92.958156"><ele>243.5</ele></trkpt>
<trkpt lat="44.827692" lon="-92.956735"><ele>245.0</ele></trkpt>
<trkpt lat="44.827135" lon="-92.955577"><ele>245.8</ele></trkpt>
<trkpt lat="44.826185" lon="-92.953500"><ele>246.5</ele></trkpt>
<trkpt lat="44.825593" lon="-92.952351"><ele>246.7</ele></trkpt>
<trkpt lat="44.824164" lon="-92.949873"><ele>247.4</ele></trkpt>
<trkpt lat="44.821869" lon="-92.946001"><ele>247.8</ele></trkpt>
<trkpt lat="44.820881" lon="-92.944362"><ele>248.2</ele></trkpt>
<trkpt lat="44.820268" lon="-92.943322"><ele>248.6</ele></trkpt>
<trkpt lat="44.817603" lon="-92.938728"><ele>249.9</ele></trkpt>
<trkpt lat="44.817114" lon="-92.937901"><ele>249.9</ele></trkpt>
<trkpt lat="44.816824" lon="-92.937381"><ele>249.8</ele></trkpt>
<trkpt lat="44.815849" lon="-92.935758"><ele>248.7</ele></trkpt>
<trkpt lat="44.815380" lon="-92.934831"><ele>245.3</ele></trkpt>
<trkpt lat="44.815004" lon="-92.934064"><ele>246.3</ele></trkpt>
<trkpt lat="44.814779" lon="-92.933569"><ele>247.0</ele></trkpt>
<trkpt lat="44.814346" lon="-92.932550"><ele>247.3</ele></trkpt>
<trkpt lat="44.813805" lon="-92.931385"><ele>247.5</ele></trkpt>
<trkpt lat="44.813571" lon="-92.930842"><ele>247.4</ele></trkpt>
<trkpt lat="44.813339" lon="-92.930359"><ele>247.0</ele></trkpt>
<trkpt lat="44.813179" lon="-92.930026"><ele>247.0</ele></trkpt>
<trkpt lat="44.812889" lon="-92.929321"><ele>247.0</ele></trkpt>
<trkpt lat="44.812502" lon="-92.928461"><ele>247.0</ele></trkpt>
<trkpt lat="44.811492" lon="-92.926136"><ele>246.9</ele></trkpt>
<trkpt lat="44.810725" lon="-92.924455"><ele>246.8</ele></trkpt>
<trkpt lat="44.810060" lon="-92.922923"><ele>246.8</ele></trkpt>
<trkpt lat="44.809341" lon="-92.921449"><ele>247.4</ele></trkpt>
<trkpt lat="44.808797" lon="-92.920403"><ele>247.9</ele></trkpt>
<trkpt lat="44.808506" lon="-92.919861"><ele>248.0</ele></trkpt>
<trkpt lat="44.807812" lon="-92.918645"><ele>248.4</ele></trkpt>
<trkpt lat="44.807277" lon="-92.917664"><ele>248.8</ele></trkpt>
<trkpt lat="44.806551" lon="-92.916186"><ele>249.2</ele></trkpt>
<trkpt lat="44.805577" lon="-92.914004"><ele>249.8</ele></trkpt>
<trkpt lat="44.803232" lon="-92.908575"><ele>251.3</ele></trkpt>
<trkpt lat="44.802348" lon="-92.906685"><ele>251.4</ele></trkpt>
<trkpt lat="44.801867" lon="-92.905708"><ele>250.4</ele></trkpt>
<trkpt lat="44.801568" lon="-92.905119"><ele>249.2</ele></trkpt>
<trkpt lat="44.801225" lon="-92.904486"><ele>247.9</ele></trkpt>
<trkpt lat="44.800624" lon="-92.903445"><ele>246.4</ele></trkpt>
<trkpt lat="44.799785" lon="-92.902053"><ele>243.3</ele></trkpt>
<trkpt lat="44.799058" lon="-92.900909"><ele>244.8</ele></trkpt>
<trkpt lat="44.798032" lon="-92.899249"><ele>248.1</ele></trkpt>
<trkpt lat="44.797703" lon="-92.898668"><ele>249.6</ele></trkpt>
<trkpt lat="44.797137" lon="-92.897567"><ele>252.5</ele></trkpt>
<trkpt lat="44.796838" lon="-92.896923"><ele>254.4</ele></trkpt>
<trkpt lat="44.796428" lon="-92.895936"><ele>256.8</ele></trkpt>
<trkpt lat="44.796050" lon="-92.894930"><ele>258.9</ele></trkpt>
<trkpt lat="44.795381" lon="-92.893060"><ele>264.3</ele></trkpt>
<trkpt lat="44.794562" lon="-92.890876"><ele>269.0</ele></trkpt>
<trkpt lat="44.794346" lon="-92.890250"><ele>269.2</ele></trkpt>
<trkpt lat="44.794127" lon="-92.889718"><ele>269.2</ele></trkpt>
<trkpt lat="44.793931" lon="-92.889302"><ele>269.4</ele></trkpt>
<trkpt lat="44.793677" lon="-92.888802"><ele>270.1</ele></trkpt>
<trkpt lat="44.793478" lon="-92.888475"><ele>270.3</ele></trkpt>
<trkpt lat="44.792900" lon="-92.887636"><ele>270.4</ele></trkpt>
<trkpt lat="44.789921" lon="-92.883735"><ele>271.0</ele></trkpt>
<trkpt lat="44.787677" lon="-92.880827"><ele>270.7</ele></trkpt>
<trkpt lat="44.786156" lon="-92.878807"><ele>270.3</ele></trkpt>
<trkpt lat="44.785627" lon="-92.878009"><ele>270.4</ele></trkpt>
<trkpt lat="44.784768" lon="-92.876440"><ele>267.5</ele></trkpt>
<trkpt lat="44.784109" lon="-92.875167"><ele>264.8</ele></trkpt>
<trkpt lat="44.783206" lon="-92.873421"><ele>261.6</ele></trkpt>
<trkpt lat="44.780949" lon="-92.869209"><ele>265.1</ele></trkpt>
<trkpt lat="44.779169" lon="-92.865858"><ele>268.6</ele></trkpt>
<trkpt lat="44.779022" lon="-92.865636"><ele>268.7</ele></trkpt>
<trkpt lat="44.778670" lon="-92.865203"><ele>268.9</ele></trkpt>
<trkpt lat="44.778323" lon="-92.864815"><ele>269.2</ele></trkpt>
<trkpt lat="44.777810" lon="-92.864340"><ele>269.3</ele></trkpt>
<trkpt lat="44.777687" lon="-92.864239"><ele>269.1</ele></trkpt>
<trkpt lat="44.777114" lon="-92.863882"><ele>268.6</ele></trkpt>
<trkpt lat="44.776278" lon="-92.863459"><ele>269.2</ele></trkpt>
<trkpt lat="44.775914" lon="-92.863351"><ele>269.4</ele></trkpt>
<trkpt lat="44.775082" lon="-92.863222"><ele>269.2</ele></trkpt>
<trkpt lat="44.773814" lon="-92.863190"><ele>269.4</ele></trkpt>
<trkpt lat="44.772346" lon="-92.863180"><ele>269.7</ele></trkpt>
<trkpt lat="44.771356" lon="-92.863121"><ele>269.6</ele></trkpt>
<trkpt lat="44.770757" lon="-92.862990"><ele>269.0</ele></trkpt>
<trkpt lat="44.770545" lon="-92.862909"><ele>268.9</ele></trkpt>
<trkpt lat="44.769984" lon="-92.862622"><ele>267.7</ele></trkpt>
<trkpt lat="44.769180" lon="-92.862042"><ele>265.8</ele></trkpt>
<trkpt lat="44.768275" lon="-92.861126"><ele>263.3</ele></trkpt>
<trkpt lat="44.766542" lon="-92.859220"><ele>262.7</ele></trkpt>
<trkpt lat="44.765260" lon="-92.857754"><ele>262.2</ele></trkpt>
<trkpt lat="44.765018" lon="-92.857500"><ele>262.0</ele></trkpt>
<trkpt lat="44.764807" lon="-92.857255"><ele>261.6</ele></trkpt>
<trkpt lat="44.764500" lon="-92.856862"><ele>260.9</ele></trkpt>
<trkpt lat="44.764148" lon="-92.856430"><ele>259.9</ele></trkpt>
<trkpt lat="44.763811" lon="-92.855971"><ele>258.6</ele></trkpt>
<trkpt lat="44.763542" lon="-92.855658"><ele>257.5</ele></trkpt>
<trkpt lat="44.763036" lon="-92.855007"><ele>254.8</ele></trkpt>
<trkpt lat="44.762623" lon="-92.854634"><ele>252.3</ele></trkpt>
<trkpt lat="44.762354" lon="-92.854433"><ele>250.8</ele></trkpt>
<trkpt lat="44.761981" lon="-92.854187"><ele>249.3</ele></trkpt>
<trkpt lat="44.761506" lon="-92.853971"><ele>247.3</ele></trkpt>
<trkpt lat="44.761274" lon="-92.853881"><ele>246.3</ele></trkpt>
<trkpt lat="44.760763" lon="-92.853737"><ele>243.4</ele></trkpt>
<trkpt lat="44.760636" lon="-92.853714"><ele>242.6</ele></trkpt>
<trkpt lat="44.759922" lon="-92.853645"><ele>237.7</ele></trkpt>
<trkpt lat="44.759182" lon="-92.853640"><ele>231.0</ele></trkpt>
<trkpt lat="44.758679" lon="-92.853617"><ele>227.1</ele></trkpt>
<trkpt lat="44.757457" lon="-92.853521"><ele>221.3</ele></trkpt>
<trkpt lat="44.756798" lon="-92.853459"><ele>220.1</ele></trkpt>
<trkpt lat="44.755965" lon="-92.853376"><ele>216.5</ele></trkpt>
<trkpt lat="44.754043" lon="-92.853216"><ele>215.5</ele></trkpt>
<trkpt lat="44.753440" lon="-92.853166"><ele>214.6</ele></trkpt>
<trkpt lat="44.752544" lon="-92.853043"><ele>217.1</ele></trkpt>
<trkpt lat="44.751989" lon="-92.852996"><ele>216.3</ele></trkpt>
<trkpt lat="44.751206" lon="-92.852900"><ele>214.8</ele></trkpt>
<trkpt lat="44.750303" lon="-92.852889"><ele>213.9</ele></trkpt>
<trkpt lat="44.749793" lon="-92.852913"><ele>213.4</ele></trkpt>
<trkpt lat="44.749321" lon="-92.852936"><ele>212.9</ele></trkpt>
<trkpt lat="44.748784" lon="-92.852971"><ele>213.4</ele></trkpt>
<trkpt lat="44.748324" lon="-92.853027"><ele>213.8</ele></trkpt>
<trkpt lat="44.746472" lon="-92.853094"><ele>215.5</ele></trkpt>
<trkpt lat="44.745455" lon="-92.853093"><ele>216.4</ele></trkpt>
<trkpt lat="44.745337" lon="-92.853081"><ele>216.5</ele></trkpt>
<trkpt lat="44.745003" lon="-92.853004"><ele>216.8</ele></trkpt>
<trkpt lat="44.744612" lon="-92.852882"><ele>217.1</ele></trkpt>
<trkpt lat="44.744148" lon="-92.852713"><ele>217.6</ele></trkpt>
<trkpt lat="44.744022" lon="-92.852680"><ele>217.7</ele></trkpt>
<trkpt lat="44.743774" lon="-92.852643"><ele>219.7</ele></trkpt>
<trkpt lat="44.743304" lon="-92.852621"><ele>221.2</ele></trkpt>
<trkpt lat="44.741295" lon="-92.852647"><ele>223.0</ele></trkpt>
<trkpt lat="44.740294" lon="-92.852640"><ele>224.3</ele></trkpt>
<trkpt lat="44.739290" lon="-92.852662"><ele>230.6</ele></trkpt>
<trkpt lat="44.738292" lon="-92.852647"><ele>235.9</ele></trkpt>
<trkpt lat="44.735164" lon="-92.852679"><ele>238.0</ele></trkpt>
<trkpt lat="44.734273" lon="-92.852652"><ele>239.0</ele></trkpt>
<trkpt lat="44.732280" lon="-92.852641"><ele>244.2</ele></trkpt>
<trkpt lat="44.729764" lon="-92.852663"><ele>243.5</ele></trkpt>
<trkpt lat="44.725298" lon="-92.852647"><ele>240.7</ele></trkpt>
<trkpt lat="44.725040" lon="-92.852631"><ele>240.2</ele></trkpt>
<trkpt lat="44.724735" lon="-92.852578"><ele>240.0</ele></trkpt>
<trkpt lat="44.724518" lon="-92.852514"><ele>239.6</ele></trkpt>
<trkpt lat="44.724411" lon="-92.852468"><ele>238.9</ele></trkpt>
<trkpt lat="44.724206" lon="-92.852355"><ele>237.6</ele></trkpt>
<trkpt lat="44.723820" lon="-92.852093"><ele>241.0</ele></trkpt>
<trkpt lat="44.721606" lon="-92.850448"><ele>243.1</ele></trkpt>
<trkpt lat="44.720965" lon="-92.850049"><ele>246.2</ele></trkpt>
<trkpt lat="44.720594" lon="-92.849887"><ele>248.2</ele></trkpt>
<trkpt lat="44.720187" lon="-92.849748"><ele>248.6</ele></trkpt>
<trkpt lat="44.719901" lon="-92.849679"><ele>248.6</ele></trkpt>
<trkpt lat="44.719577" lon="-92.849633"><ele>248.6</ele></trkpt>
<trkpt lat="44.719123" lon="-92.849626"><ele>249.3</ele></trkpt>
<trkpt lat="44.719114" lon="-92.849397"><ele>249.8</ele></trkpt>
<trkpt lat="44.719039" lon="-92.848894"><ele>249.9</ele></trkpt>
<trkpt lat="44.718998" lon="-92.848761"><ele>249.9</ele></trkpt>
<trkpt lat="44.718918" lon="-92.848552"><ele>250.3</ele></trkpt>
<trkpt lat="44.718877" lon="-92.848533"><ele>250.4</ele></trkpt>
<trkpt lat="44.718779" lon="-92.848360"><ele>250.8</ele></trkpt>
<trkpt lat="44.718582" lon="-92.848136"><ele>251.0</ele></trkpt>
<trkpt lat="44.718010" lon="-92.847677"><ele>251.6</ele></trkpt>
<trkpt lat="44.717868" lon="-92.847550"><ele>252.0</ele></trkpt>
<trkpt lat="44.717837" lon="-92.847568"><ele>252.0</ele></trkpt>
<trkpt lat="44.717803" lon="-92.847570"><ele>252.0</ele></trkpt>
<trkpt lat="44.717771" lon="-92.847557"><ele>252.0</ele></trkpt>
<trkpt lat="44.717743" lon="-92.847529"><ele>252.0</ele></trkpt>
<trkpt lat="44.717724" lon="-92.847489"><ele>252.0</ele></trkpt>
<trkpt lat="44.717600" lon="-92.847339"><ele>252.0</ele></trkpt>
<trkpt lat="44.717491" lon="-92.847237"><ele>252.1</ele></trkpt>
<trkpt lat="44.717210" lon="-92.847061"><ele>253.0</ele></trkpt>
<trkpt lat="44.717110" lon="-92.847012"><ele>253.1</ele></trkpt>
<trkpt lat="44.716925" lon="-92.846876"><ele>253.4</ele></trkpt>
<trkpt lat="44.716034" lon="-92.846008"><ele>254.0</ele></trkpt>
<trkpt lat="44.715414" lon="-92.845323"><ele>254.1</ele></trkpt>
<trkpt lat="44.715113" lon="-92.845009"><ele>254.3</ele></trkpt>
<trkpt lat="44.714527" lon="-92.844421"><ele>254.9</ele></trkpt>
<trkpt lat="44.713915" lon="-92.843775"><ele>255.8</ele></trkpt>
<trkpt lat="44.713703" lon="-92.843563"><ele>256.4</ele></trkpt>
<trkpt lat="44.713522" lon="-92.843320"><ele>257.0</ele></trkpt>
<trkpt lat="44.713483" lon="-92.843282"><ele>257.0</ele></trkpt>
<trkpt lat="44.713402" lon="-92.843293"><ele>257.0</ele></trkpt>
<trkpt lat="44.713359" lon="-92.843300"><ele>257.0</ele></trkpt>
<trkpt lat="44.713336" lon="-92.843292"><ele>257.0</ele></trkpt>
<trkpt lat="44.713297" lon="-92.843257"><ele>257.0</ele></trkpt>
<trkpt lat="44.713273" lon="-92.843201"><ele>257.0</ele></trkpt>
<trkpt lat="44.713269" lon="-92.843154"><ele>257.0</ele></trkpt>
<trkpt lat="44.713219" lon="-92.843067"><ele>257.1</ele></trkpt>
<trkpt lat="44.713038" lon="-92.842858"><ele>257.2</ele></trkpt>
<trkpt lat="44.711734" lon="-92.841484"><ele>257.9</ele></trkpt>
<trkpt lat="44.710182" lon="-92.839903"><ele>255.2</ele></trkpt>
<trkpt lat="44.709395" lon="-92.839071"><ele>253.9</ele></trkpt>
<trkpt lat="44.709100" lon="-92.838773"><ele>253.4</ele></trkpt>
<trkpt lat="44.708627" lon="-92.838220"><ele>252.9</ele></trkpt>
<trkpt lat="44.708104" lon="-92.837514"><ele>252.3</ele></trkpt>
<trkpt lat="44.707924" lon="-92.837272"><ele>252.1</ele></trkpt>
<trkpt lat="44.707828" lon="-92.837107"><ele>252.2</ele></trkpt>
<trkpt lat="44.707799" lon="-92.837075"><ele>252.3</ele></trkpt>
<trkpt lat="44.707733" lon="-92.837051"><ele>252.3</ele></trkpt>
<trkpt lat="44.707684" lon="-92.837050"><ele>252.3</ele></trkpt>
<trkpt lat="44.707655" lon="-92.837033"><ele>252.3</ele></trkpt>
<trkpt lat="44.707630" lon="-92.837005"><ele>252.4</ele></trkpt>
<trkpt lat="44.707613" lon="-92.836968"><ele>252.5</ele></trkpt>
<trkpt lat="44.707604" lon="-92.836926"><ele>252.6</ele></trkpt>
<trkpt lat="44.707605" lon="-92.836878"><ele>252.7</ele></trkpt>
<trkpt lat="44.707408" lon="-92.836503"><ele>251.9</ele></trkpt>
<trkpt lat="44.707154" lon="-92.836213"><ele>251.8</ele></trkpt>
<trkpt lat="44.707089" lon="-92.836129"><ele>251.7</ele></trkpt>
<trkpt lat="44.706939" lon="-92.835911"><ele>251.7</ele></trkpt>
<trkpt lat="44.706806" lon="-92.835675"><ele>251.8</ele></trkpt>
<trkpt lat="44.706438" lon="-92.835188"><ele>251.8</ele></trkpt>
<trkpt lat="44.704283" lon="-92.832195"><ele>253.0</ele></trkpt>
<trkpt lat="44.700050" lon="-92.826276"><ele>243.9</ele></trkpt>
<trkpt lat="44.697499" lon="-92.822857"><ele>238.2</ele></trkpt>
<trkpt lat="44.695476" lon="-92.820148"><ele>248.0</ele></trkpt>
<trkpt lat="44.690408" lon="-92.813358"><ele>251.2</ele></trkpt>
<trkpt lat="44.687497" lon="-92.809367"><ele>251.0</ele></trkpt>
<trkpt lat="44.675291" lon="-92.792953"><ele>247.5</ele></trkpt>
<trkpt lat="44.672972" lon="-92.789809"><ele>249.0</ele></trkpt>
<trkpt lat="44.670969" lon="-92.787120"><ele>249.0</ele></trkpt>
<trkpt lat="44.667799" lon="-92.782996"><ele>250.0</ele></trkpt>
<trkpt lat="44.666562" lon="-92.781427"><ele>251.0</ele></trkpt>
<trkpt lat="44.662877" lon="-92.776655"><ele>249.7</ele></trkpt>
<trkpt lat="44.661803" lon="-92.775298"><ele>246.5</ele></trkpt>
<trkpt lat="44.660312" lon="-92.773469"><ele>252.0</ele></trkpt>
<trkpt lat="44.659486" lon="-92.772416"><ele>253.6</ele></trkpt>
<trkpt lat="44.657306" lon="-92.769778"><ele>254.0</ele></trkpt>
<trkpt lat="44.656741" lon="-92.769059"><ele>256.3</ele></trkpt>
<trkpt lat="44.656245" lon="-92.768587"><ele>257.7</ele></trkpt>
<trkpt lat="44.655703" lon="-92.768220"><ele>258.5</ele></trkpt>
<trkpt lat="44.655276" lon="-92.768115"><ele>258.4</ele></trkpt>
<trkpt lat="44.654856" lon="-92.768061"><ele>258.3</ele></trkpt>
<trkpt lat="44.654406" lon="-92.768072"><ele>258.0</ele></trkpt>
<trkpt lat="44.653978" lon="-92.768190"><ele>257.6</ele></trkpt>
<trkpt lat="44.653688" lon="-92.768323"><ele>257.9</ele></trkpt>
<trkpt lat="44.650513" lon="-92.769767"><ele>262.0</ele></trkpt>
<trkpt lat="44.650078" lon="-92.770090"><ele>262.6</ele></trkpt>
<trkpt lat="44.649498" lon="-92.770625"><ele>262.9</ele></trkpt>
<trkpt lat="44.648508" lon="-92.771604"><ele>263.0</ele></trkpt>
<trkpt lat="44.648219" lon="-92.771871"><ele>263.1</ele></trkpt>
<trkpt lat="44.647832" lon="-92.772097"><ele>262.1</ele></trkpt>
<trkpt lat="44.647597" lon="-92.772189"><ele>261.5</ele></trkpt>
<trkpt lat="44.647470" lon="-92.772226"><ele>261.1</ele></trkpt>
<trkpt lat="44.647144" lon="-92.772279"><ele>259.9</ele></trkpt>
<trkpt lat="44.646838" lon="-92.772300"><ele>259.2</ele></trkpt>
<trkpt lat="44.645366" lon="-92.772293"><ele>259.1</ele></trkpt>
<trkpt lat="44.639929" lon="-92.772354"><ele>283.3</ele></trkpt>
<trkpt lat="44.635514" lon="-92.772378"><ele>296.0</ele></trkpt>
<trkpt lat="44.629647" lon="-92.772429"><ele>302.5</ele></trkpt>
<trkpt lat="44.618642" lon="-92.772443"><ele>296.6</ele></trkpt>
<trkpt lat="44.616518" lon="-92.772435"><ele>301.4</ele></trkpt>
<trkpt lat="44.615125" lon="-92.772396"><ele>302.4</ele></trkpt>
<trkpt lat="44.612010" lon="-92.772449"><ele>295.9</ele></trkpt>
<trkpt lat="44.610289" lon="-92.772463"><ele>296.6</ele></trkpt>
<trkpt lat="44.606934" lon="-92.772444"><ele>302.4</ele></trkpt>
<trkpt lat="44.605779" lon="-92.772428"><ele>303.0</ele></trkpt>
<trkpt lat="44.604096" lon="-92.772441"><ele>303.7</ele></trkpt>
<trkpt lat="44.603148" lon="-92.772435"><ele>306.0</ele></trkpt>
<trkpt lat="44.603077" lon="-92.772474"><ele>306.0</ele></trkpt>
<trkpt lat="44.601724" lon="-92.772469"><ele>308.2</ele></trkpt>
<trkpt lat="44.601370" lon="-92.772426"><ele>308.8</ele></trkpt>
<trkpt lat="44.601165" lon="-92.772389"><ele>309.0</ele></trkpt>
<trkpt lat="44.601111" lon="-92.772411"><ele>309.0</ele></trkpt>
<trkpt lat="44.601002" lon="-92.772513"><ele>309.0</ele></trkpt>
<trkpt lat="44.600988" lon="-92.772573"><ele>309.0</ele></trkpt>
<trkpt lat="44.600961" lon="-92.772631"><ele>309.1</ele></trkpt>
<trkpt lat="44.600933" lon="-92.772667"><ele>309.1</ele></trkpt>
<trkpt lat="44.600894" lon="-92.772695"><ele>309.2</ele></trkpt>
<trkpt lat="44.600847" lon="-92.772711"><ele>309.3</ele></trkpt>
<trkpt lat="44.600732" lon="-92.772696"><ele>309.6</ele></trkpt>
<trkpt lat="44.600671" lon="-92.772633"><ele>309.6</ele></trkpt>
<trkpt lat="44.600631" lon="-92.772520"><ele>309.5</ele></trkpt>
<trkpt lat="44.600625" lon="-92.772457"><ele>309.5</ele></trkpt>
<trkpt lat="44.600631" lon="-92.772347"><ele>309.5</ele></trkpt>
<trkpt lat="44.600646" lon="-92.772288"><ele>309.6</ele></trkpt>
<trkpt lat="44.600649" lon="-92.772201"><ele>309.6</ele></trkpt>
<trkpt lat="44.600676" lon="-92.772032"><ele>309.7</ele></trkpt>
<trkpt lat="44.600691" lon="-92.771660"><ele>309.7</ele></trkpt>
<trkpt lat="44.600694" lon="-92.770731"><ele>310.0</ele></trkpt>
<trkpt lat="44.600676" lon="-92.769887"><ele>310.0</ele></trkpt>
<trkpt lat="44.600671" lon="-92.767161"><ele>310.0</ele></trkpt>
<trkpt lat="44.600638" lon="-92.762337"><ele>310.9</ele></trkpt>
<trkpt lat="44.600606" lon="-92.755803"><ele>311.0</ele></trkpt>
<trkpt lat="44.600618" lon="-92.752193"><ele>312.0</ele></trkpt>
<trkpt lat="44.600719" lon="-92.737904"><ele>312.9</ele></trkpt>
<trkpt lat="44.600756" lon="-92.729987"><ele>321.9</ele></trkpt>
<trkpt lat="44.600677" lon="-92.725457"><ele>321.0</ele></trkpt>
<trkpt lat="44.600668" lon="-92.721841"><ele>319.3</ele></trkpt>
<trkpt lat="44.600673" lon="-92.715724"><ele>316.8</ele></trkpt>
<trkpt lat="44.600663" lon="-92.711720"><ele>316.0</ele></trkpt>
<trkpt lat="44.600669" lon="-92.709628"><ele>315.7</ele></trkpt>
<trkpt lat="44.600660" lon="-92.704134"><ele>318.0</ele></trkpt>
<trkpt lat="44.600661" lon="-92.699208"><ele>318.0</ele></trkpt>
<trkpt lat="44.600648" lon="-92.695708"><ele>316.5</ele></trkpt>
<trkpt lat="44.600621" lon="-92.695126"><ele>316.0</ele></trkpt>
<trkpt lat="44.600544" lon="-92.694379"><ele>315.1</ele></trkpt>
<trkpt lat="44.600470" lon="-92.693874"><ele>314.3</ele></trkpt>
<trkpt lat="44.600392" lon="-92.693491"><ele>313.5</ele></trkpt>
<trkpt lat="44.600320" lon="-92.693188"><ele>313.0</ele></trkpt>
<trkpt lat="44.600111" lon="-92.692467"><ele>311.6</ele></trkpt>
<trkpt lat="44.600024" lon="-92.692205"><ele>311.0</ele></trkpt>
<trkpt lat="44.599848" lon="-92.691737"><ele>309.8</ele></trkpt>
<trkpt lat="44.599687" lon="-92.691353"><ele>308.6</ele></trkpt>
<trkpt lat="44.599414" lon="-92.690788"><ele>306.8</ele></trkpt>
<trkpt lat="44.599146" lon="-92.690316"><ele>305.0</ele></trkpt>
<trkpt lat="44.598955" lon="-92.690005"><ele>303.7</ele></trkpt>
<trkpt lat="44.598795" lon="-92.689780"><ele>302.8</ele></trkpt>
<trkpt lat="44.598207" lon="-92.689061"><ele>299.4</ele></trkpt>
<trkpt lat="44.597599" lon="-92.688486"><ele>296.2</ele></trkpt>
<trkpt lat="44.592981" lon="-92.684308"><ele>275.7</ele></trkpt>
<trkpt lat="44.592531" lon="-92.683729"><ele>274.5</ele></trkpt>
<trkpt lat="44.592294" lon="-92.683354"><ele>273.8</ele></trkpt>
<trkpt lat="44.592024" lon="-92.682831"><ele>272.8</ele></trkpt>
<trkpt lat="44.591750" lon="-92.682054"><ele>270.5</ele></trkpt>
<trkpt lat="44.591671" lon="-92.681757"><ele>269.5</ele></trkpt>
<trkpt lat="44.591586" lon="-92.681286"><ele>267.8</ele></trkpt>
<trkpt lat="44.591550" lon="-92.681035"><ele>267.5</ele></trkpt>
<trkpt lat="44.591493" lon="-92.680518"><ele>265.7</ele></trkpt>
<trkpt lat="44.591488" lon="-92.679865"><ele>263.4</ele></trkpt>
<trkpt lat="44.591522" lon="-92.679373"><ele>261.5</ele></trkpt>
<trkpt lat="44.591557" lon="-92.679127"><ele>260.4</ele></trkpt>
<trkpt lat="44.591569" lon="-92.679045"><ele>260.0</ele></trkpt>
<trkpt lat="44.591599" lon="-92.678838"><ele>259.6</ele></trkpt>
<trkpt lat="44.591705" lon="-92.678354"><ele>259.0</ele></trkpt>
<trkpt lat="44.591843" lon="-92.677892"><ele>258.1</ele></trkpt>
<trkpt lat="44.592589" lon="-92.676020"><ele>253.9</ele></trkpt>
<trkpt lat="44.592716" lon="-92.675636"><ele>253.2</ele></trkpt>
<trkpt lat="44.592875" lon="-92.674913"><ele>252.2</ele></trkpt>
<trkpt lat="44.592931" lon="-92.674454"><ele>251.5</ele></trkpt>
<trkpt lat="44.592953" lon="-92.674079"><ele>251.1</ele></trkpt>
<trkpt lat="44.592959" lon="-92.673629"><ele>250.4</ele></trkpt>
<trkpt lat="44.592925" lon="-92.673033"><ele>249.4</ele></trkpt>
<trkpt lat="44.592883" lon="-92.672690"><ele>248.9</ele></trkpt>
<trkpt lat="44.592808" lon="-92.672275"><ele>248.3</ele></trkpt>
<trkpt lat="44.592748" lon="-92.672015"><ele>247.9</ele></trkpt>
<trkpt lat="44.592666" lon="-92.671727"><ele>247.7</ele></trkpt>
<trkpt lat="44.592494" lon="-92.671220"><ele>247.0</ele></trkpt>
<trkpt lat="44.591876" lon="-92.669478"><ele>244.3</ele></trkpt>
<trkpt lat="44.590077" lon="-92.664461"><ele>236.2</ele></trkpt>
<trkpt lat="44.589803" lon="-92.663719"><ele>234.7</ele></trkpt>
<trkpt lat="44.589589" lon="-92.663214"><ele>233.9</ele></trkpt>
<trkpt lat="44.589352" lon="-92.662732"><ele>233.2</ele></trkpt>
<trkpt lat="44.589096" lon="-92.662244"><ele>232.1</ele></trkpt>
<trkpt lat="44.588923" lon="-92.661941"><ele>231.3</ele></trkpt>
<trkpt lat="44.588678" lon="-92.661549"><ele>230.2</ele></trkpt>
<trkpt lat="44.588420" lon="-92.661158"><ele>229.0</ele></trkpt>
<trkpt lat="44.588105" lon="-92.660744"><ele>228.2</ele></trkpt>
<trkpt lat="44.587917" lon="-92.660512"><ele>227.7</ele></trkpt>
<trkpt lat="44.587673" lon="-92.660239"><ele>227.0</ele></trkpt>
<trkpt lat="44.587210" lon="-92.659765"><ele>225.7</ele></trkpt>
<trkpt lat="44.586974" lon="-92.659543"><ele>225.0</ele></trkpt>
<trkpt lat="44.582266" lon="-92.655515"><ele>214.9</ele></trkpt>
<trkpt lat="44.581223" lon="-92.654604"><ele>211.8</ele></trkpt>
<trkpt lat="44.580211" lon="-92.653737"><ele>212.7</ele></trkpt>
<trkpt lat="44.576317" lon="-92.650424"><ele>211.2</ele></trkpt>
<trkpt lat="44.575448" lon="-92.649743"><ele>212.6</ele></trkpt>
<trkpt lat="44.574879" lon="-92.649324"><ele>212.6</ele></trkpt>
<trkpt lat="44.574152" lon="-92.648805"><ele>217.9</ele></trkpt>
<trkpt lat="44.573244" lon="-92.648160"><ele>227.1</ele></trkpt>
<trkpt lat="44.573006" lon="-92.647970"><ele>229.1</ele></trkpt>
<trkpt lat="44.572775" lon="-92.647764"><ele>230.9</ele></trkpt>
<trkpt lat="44.572363" lon="-92.647364"><ele>233.5</ele></trkpt>
<trkpt lat="44.572137" lon="-92.647118"><ele>234.8</ele></trkpt>
<trkpt lat="44.571843" lon="-92.646763"><ele>236.4</ele></trkpt>
<trkpt lat="44.571502" lon="-92.646316"><ele>238.3</ele></trkpt>
<trkpt lat="44.571237" lon="-92.645926"><ele>238.9</ele></trkpt>
<trkpt lat="44.570962" lon="-92.645482"><ele>238.8</ele></trkpt>
<trkpt lat="44.570623" lon="-92.644854"><ele>239.3</ele></trkpt>
<trkpt lat="44.570333" lon="-92.644228"><ele>240.2</ele></trkpt>
<trkpt lat="44.570055" lon="-92.643534"><ele>240.9</ele></trkpt>
<trkpt lat="44.569818" lon="-92.642806"><ele>240.4</ele></trkpt>
<trkpt lat="44.569667" lon="-92.642269"><ele>241.7</ele></trkpt>
<trkpt lat="44.569554" lon="-92.641785"><ele>242.4</ele></trkpt>
<trkpt lat="44.569415" lon="-92.641127"><ele>243.8</ele></trkpt>
<trkpt lat="44.568321" lon="-92.635301"><ele>244.1</ele></trkpt>
<trkpt lat="44.567499" lon="-92.631009"><ele>246.7</ele></trkpt>
<trkpt lat="44.566889" lon="-92.627747"><ele>249.0</ele></trkpt>
<trkpt lat="44.566840" lon="-92.627430"><ele>249.0</ele></trkpt>
<trkpt lat="44.566747" lon="-92.626661"><ele>249.6</ele></trkpt>
<trkpt lat="44.566699" lon="-92.626053"><ele>250.0</ele></trkpt>
<trkpt lat="44.566692" lon="-92.625887"><ele>250.0</ele></trkpt>
<trkpt lat="44.566675" lon="-92.625294"><ele>250.1</ele></trkpt>
<trkpt lat="44.566694" lon="-92.624500"><ele>250.0</ele></trkpt>
<trkpt lat="44.566718" lon="-92.624113"><ele>250.1</ele></trkpt>
<trkpt lat="44.566793" lon="-92.623370"><ele>250.3</ele></trkpt>
<trkpt lat="44.566850" lon="-92.622944"><ele>250.5</ele></trkpt>
<trkpt lat="44.566961" lon="-92.622290"><ele>250.8</ele></trkpt>
<trkpt lat="44.567094" lon="-92.621681"><ele>251.1</ele></trkpt>
<trkpt lat="44.567199" lon="-92.621266"><ele>251.2</ele></trkpt>
<trkpt lat="44.567405" lon="-92.620596"><ele>251.1</ele></trkpt>
<trkpt lat="44.567538" lon="-92.620203"><ele>250.6</ele></trkpt>
<trkpt lat="44.567691" lon="-92.619810"><ele>250.0</ele></trkpt>
<trkpt lat="44.567952" lon="-92.619213"><ele>249.0</ele></trkpt>
<trkpt lat="44.568984" lon="-92.617172"><ele>245.7</ele></trkpt>
<trkpt lat="44.570595" lon="-92.614074"><ele>243.1</ele></trkpt>
<trkpt lat="44.571180" lon="-92.612880"><ele>242.0</ele></trkpt>
<trkpt lat="44.571447" lon="-92.612271"><ele>241.4</ele></trkpt>
<trkpt lat="44.571723" lon="-92.611521"><ele>242.0</ele></trkpt>
<trkpt lat="44.571880" lon="-92.611058"><ele>241.5</ele></trkpt>
<trkpt lat="44.572009" lon="-92.610635"><ele>241.9</ele></trkpt>
<trkpt lat="44.572565" lon="-92.608581"><ele>242.8</ele></trkpt>
<trkpt lat="44.572779" lon="-92.607765"><ele>242.2</ele></trkpt>
<trkpt lat="44.573325" lon="-92.605680"><ele>237.3</ele></trkpt>
<trkpt lat="44.573396" lon="-92.605368"><ele>236.1</ele></trkpt>
<trkpt lat="44.573500" lon="-92.604812"><ele>234.0</ele></trkpt>
<trkpt lat="44.573542" lon="-92.604463"><ele>232.8</ele></trkpt>
<trkpt lat="44.573572" lon="-92.604098"><ele>231.5</ele></trkpt>
<trkpt lat="44.573579" lon="-92.603652"><ele>229.9</ele></trkpt>
<trkpt lat="44.573559" lon="-92.603137"><ele>228.4</ele></trkpt>
<trkpt lat="44.573538" lon="-92.602898"><ele>227.8</ele></trkpt>
<trkpt lat="44.573514" lon="-92.602694"><ele>226.9</ele></trkpt>
<trkpt lat="44.573424" lon="-92.602109"><ele>224.6</ele></trkpt>
<trkpt lat="44.573340" lon="-92.601727"><ele>223.4</ele></trkpt>
<trkpt lat="44.573242" lon="-92.601381"><ele>222.4</ele></trkpt>
<trkpt lat="44.573071" lon="-92.600895"><ele>221.0</ele></trkpt>
<trkpt lat="44.572621" lon="-92.599751"><ele>219.2</ele></trkpt>
<trkpt lat="44.572092" lon="-92.598386"><ele>218.6</ele></trkpt>
<trkpt lat="44.571246" lon="-92.596294"><ele>213.1</ele></trkpt>
<trkpt lat="44.570929" lon="-92.595496"><ele>215.2</ele></trkpt>
<trkpt lat="44.570365" lon="-92.594064"><ele>217.0</ele></trkpt>
<trkpt lat="44.569935" lon="-92.592937"><ele>218.8</ele></trkpt>
<trkpt lat="44.569333" lon="-92.591299"><ele>220.1</ele></trkpt>
<trkpt lat="44.569144" lon="-92.590748"><ele>220.3</ele></trkpt>
<trkpt lat="44.568976" lon="-92.590225"><ele>220.6</ele></trkpt>
<trkpt lat="44.568823" lon="-92.589697"><ele>220.7</ele></trkpt>
<trkpt lat="44.568571" lon="-92.588711"><ele>220.9</ele></trkpt>
<trkpt lat="44.567656" lon="-92.584953"><ele>221.9</ele></trkpt>
<trkpt lat="44.567198" lon="-92.583147"><ele>220.0</ele></trkpt>
<trkpt lat="44.566484" lon="-92.580159"><ele>219.0</ele></trkpt>
<trkpt lat="44.566402" lon="-92.579773"><ele>219.1</ele></trkpt>
<trkpt lat="44.566279" lon="-92.579023"><ele>219.0</ele></trkpt>
<trkpt lat="44.566227" lon="-92.578645"><ele>219.0</ele></trkpt>
<trkpt lat="44.566188" lon="-92.578276"><ele>219.0</ele></trkpt>
<trkpt lat="44.566110" lon="-92.577110"><ele>219.0</ele></trkpt>
<trkpt lat="44.566045" lon="-92.575902"><ele>219.7</ele></trkpt>
<trkpt lat="44.565967" lon="-92.574820"><ele>220.2</ele></trkpt>
<trkpt lat="44.565864" lon="-92.573742"><ele>221.0</ele></trkpt>
<trkpt lat="44.565759" lon="-92.572984"><ele>221.4</ele></trkpt>
<trkpt lat="44.565628" lon="-92.572270"><ele>221.4</ele></trkpt>
<trkpt lat="44.565469" lon="-92.571552"><ele>222.0</ele></trkpt>
<trkpt lat="44.565283" lon="-92.570845"><ele>222.8</ele></trkpt>
<trkpt lat="44.564341" lon="-92.567768"><ele>221.5</ele></trkpt>
<trkpt lat="44.564195" lon="-92.567241"><ele>220.4</ele></trkpt>
<trkpt lat="44.564016" lon="-92.566557"><ele>220.0</ele></trkpt>
<trkpt lat="44.563814" lon="-92.565722"><ele>218.1</ele></trkpt>
<trkpt lat="44.563609" lon="-92.564765"><ele>217.4</ele></trkpt>
<trkpt lat="44.563431" lon="-92.563780"><ele>214.4</ele></trkpt>
<trkpt lat="44.563317" lon="-92.563110"><ele>216.3</ele></trkpt>
<trkpt lat="44.563165" lon="-92.562005"><ele>219.5</ele></trkpt>
<trkpt lat="44.562913" lon="-92.560102"><ele>225.6</ele></trkpt>
<trkpt lat="44.562694" lon="-92.558101"><ele>226.4</ele></trkpt>
<trkpt lat="44.562601" lon="-92.557341"><ele>225.6</ele></trkpt>
<trkpt lat="44.562498" lon="-92.556575"><ele>224.8</ele></trkpt>
<trkpt lat="44.562203" lon="-92.554531"><ele>223.1</ele></trkpt>
<trkpt lat="44.562089" lon="-92.553597"><ele>221.7</ele></trkpt>
<trkpt lat="44.562007" lon="-92.552630"><ele>222.0</ele></trkpt>
<trkpt lat="44.561976" lon="-92.552054"><ele>222.1</ele></trkpt>
<trkpt lat="44.561950" lon="-92.551464"><ele>222.0</ele></trkpt>
<trkpt lat="44.561923" lon="-92.549890"><ele>220.5</ele></trkpt>
<trkpt lat="44.561883" lon="-92.547081"><ele>222.1</ele></trkpt>
<trkpt lat="44.561897" lon="-92.546495"><ele>222.2</ele></trkpt>
<trkpt lat="44.561944" lon="-92.545960"><ele>221.9</ele></trkpt>
<trkpt lat="44.561974" lon="-92.545709"><ele>221.7</ele></trkpt>
<trkpt lat="44.562048" lon="-92.545223"><ele>221.0</ele></trkpt>
<trkpt lat="44.562104" lon="-92.544924"><ele>220.6</ele></trkpt>
<trkpt lat="44.562160" lon="-92.544685"><ele>220.5</ele></trkpt>
<trkpt lat="44.562231" lon="-92.544444"><ele>220.4</ele></trkpt>
<trkpt lat="44.562283" lon="-92.544312"><ele>220.3</ele></trkpt>
<trkpt lat="44.562384" lon="-92.544100"><ele>220.2</ele></trkpt>
<trkpt lat="44.562648" lon="-92.543300"><ele>220.3</ele></trkpt>
<trkpt lat="44.563266" lon="-92.541507"><ele>217.0</ele></trkpt>
<trkpt lat="44.563271" lon="-92.541410"><ele>217.0</ele></trkpt>
<trkpt lat="44.563292" lon="-92.541294"><ele>216.9</ele></trkpt>
<trkpt lat="44.563418" lon="-92.540935"><ele>216.4</ele></trkpt>
<trkpt lat="44.563453" lon="-92.540850"><ele>216.3</ele></trkpt>
<trkpt lat="44.563561" lon="-92.540642"><ele>216.0</ele></trkpt>
<trkpt lat="44.564924" lon="-92.536710"><ele>216.1</ele></trkpt>
<trkpt lat="44.565005" lon="-92.536495"><ele>215.9</ele></trkpt>
<trkpt lat="44.565071" lon="-92.536344"><ele>215.6</ele></trkpt>
<trkpt lat="44.565143" lon="-92.536214"><ele>215.3</ele></trkpt>
<trkpt lat="44.565291" lon="-92.535990"><ele>214.9</ele></trkpt>
<trkpt lat="44.566693" lon="-92.534247"><ele>217.0</ele></trkpt>
<trkpt lat="44.567200" lon="-92.533603"><ele>216.0</ele></trkpt>
<trkpt lat="44.567254" lon="-92.533485"><ele>216.1</ele></trkpt>
<trkpt lat="44.567458" lon="-92.533227"><ele>216.0</ele></trkpt>
<trkpt lat="44.567812" lon="-92.532768"><ele>216.0</ele></trkpt>
<trkpt lat="44.567953" lon="-92.532573"><ele>216.0</ele></trkpt>
<trkpt lat="44.568032" lon="-92.532429"><ele>216.0</ele></trkpt>
<trkpt lat="44.568080" lon="-92.532302"><ele>216.0</ele></trkpt>
<trkpt lat="44.568128" lon="-92.532144"><ele>216.0</ele></trkpt>
<trkpt lat="44.568158" lon="-92.532023"><ele>216.1</ele></trkpt>
<trkpt lat="44.568209" lon="-92.531698"><ele>216.9</ele></trkpt>
<trkpt lat="44.568199" lon="-92.531426"><ele>217.8</ele></trkpt>
<trkpt lat="44.568138" lon="-92.530724"><ele>216.6</ele></trkpt>
<trkpt lat="44.568085" lon="-92.529436"><ele>217.0</ele></trkpt>
<trkpt lat="44.568037" lon="-92.528171"><ele>219.2</ele></trkpt>
<trkpt lat="44.568003" lon="-92.526116"><ele>220.9</ele></trkpt>
<trkpt lat="44.567961" lon="-92.524541"><ele>221.1</ele></trkpt>
<trkpt lat="44.567923" lon="-92.523820"><ele>220.6</ele></trkpt>
<trkpt lat="44.567883" lon="-92.523230"><ele>219.9</ele></trkpt>
<trkpt lat="44.567829" lon="-92.522577"><ele>219.0</ele></trkpt>
<trkpt lat="44.567759" lon="-92.521869"><ele>218.1</ele></trkpt>
<trkpt lat="44.567525" lon="-92.520171"><ele>214.7</ele></trkpt>
<trkpt lat="44.567439" lon="-92.519702"><ele>214.5</ele></trkpt>
<trkpt lat="44.567191" lon="-92.518439"><ele>216.1</ele></trkpt>
<trkpt lat="44.566997" lon="-92.517549"><ele>217.6</ele></trkpt>
<trkpt lat="44.565839" lon="-92.512468"><ele>223.6</ele></trkpt>
<trkpt lat="44.564716" lon="-92.507531"><ele>215.6</ele></trkpt>
<trkpt lat="44.564633" lon="-92.507167"><ele>216.2</ele></trkpt>
<trkpt lat="44.563798" lon="-92.503503"><ele>219.8</ele></trkpt>
<trkpt lat="44.563335" lon="-92.501355"><ele>220.0</ele></trkpt>
<trkpt lat="44.563083" lon="-92.500422"><ele>220.1</ele></trkpt>
<trkpt lat="44.562871" lon="-92.499564"><ele>220.5</ele></trkpt>
<trkpt lat="44.562415" lon="-92.498111"><ele>222.5</ele></trkpt>
<trkpt lat="44.561835" lon="-92.496322"><ele>222.7</ele></trkpt>
<trkpt lat="44.561653" lon="-92.495852"><ele>222.8</ele></trkpt>
<trkpt lat="44.561548" lon="-92.495630"><ele>222.9</ele></trkpt>
<trkpt lat="44.561404" lon="-92.495373"><ele>223.0</ele></trkpt>
<trkpt lat="44.561210" lon="-92.495085"><ele>223.6</ele></trkpt>
<trkpt lat="44.561084" lon="-92.494911"><ele>223.7</ele></trkpt>
<trkpt lat="44.560714" lon="-92.494497"><ele>224.6</ele></trkpt>
<trkpt lat="44.560133" lon="-92.493926"><ele>225.7</ele></trkpt>
<trkpt lat="44.559959" lon="-92.493722"><ele>225.9</ele></trkpt>
<trkpt lat="44.559622" lon="-92.493236"><ele>226.4</ele></trkpt>
<trkpt lat="44.559308" lon="-92.492621"><ele>227.0</ele></trkpt>
<trkpt lat="44.559113" lon="-92.492154"><ele>227.2</ele></trkpt>
<trkpt lat="44.558991" lon="-92.491786"><ele>226.7</ele></trkpt>
<trkpt lat="44.558920" lon="-92.491529"><ele>226.1</ele></trkpt>
<trkpt lat="44.558812" lon="-92.491056"><ele>225.5</ele></trkpt>
<trkpt lat="44.558547" lon="-92.489703"><ele>219.9</ele></trkpt>
<trkpt lat="44.558309" lon="-92.488485"><ele>219.6</ele></trkpt>
<trkpt lat="44.558154" lon="-92.487786"><ele>218.5</ele></trkpt>
<trkpt lat="44.557954" lon="-92.487008"><ele>217.8</ele></trkpt>
<trkpt lat="44.557683" lon="-92.486063"><ele>218.2</ele></trkpt>
<trkpt lat="44.556471" lon="-92.482273"><ele>220.4</ele></trkpt>
<trkpt lat="44.556331" lon="-92.481818"><ele>220.7</ele></trkpt>
<trkpt lat="44.556057" lon="-92.480800"><ele>221.7</ele></trkpt>
<trkpt lat="44.555830" lon="-92.479723"><ele>223.2</ele></trkpt>
<trkpt lat="44.555677" lon="-92.478823"><ele>223.6</ele></trkpt>
<trkpt lat="44.555628" lon="-92.478440"><ele>223.7</ele></trkpt>
<trkpt lat="44.555500" lon="-92.477320"><ele>223.9</ele></trkpt>
<trkpt lat="44.555265" lon="-92.475436"><ele>223.2</ele></trkpt>
<trkpt lat="44.555199" lon="-92.474967"><ele>222.9</ele></trkpt>
<trkpt lat="44.555124" lon="-92.474523"><ele>222.7</ele></trkpt>
<trkpt lat="44.555035" lon="-92.474054"><ele>222.5</ele></trkpt>
<trkpt lat="44.554945" lon="-92.473630"><ele>222.4</ele></trkpt>
<trkpt lat="44.554830" lon="-92.473145"><ele>222.3</ele></trkpt>
<trkpt lat="44.554608" lon="-92.472311"><ele>222.3</ele></trkpt>
<trkpt lat="44.554353" lon="-92.471479"><ele>222.2</ele></trkpt>
<trkpt lat="44.554100" lon="-92.470767"><ele>222.3</ele></trkpt>
<trkpt lat="44.553879" lon="-92.470193"><ele>222.4</ele></trkpt>
<trkpt lat="44.553613" lon="-92.469568"><ele>222.3</ele></trkpt>
<trkpt lat="44.553335" lon="-92.468969"><ele>222.3</ele></trkpt>
<trkpt lat="44.553185" lon="-92.468670"><ele>222.3</ele></trkpt>
<trkpt lat="44.552955" lon="-92.468250"><ele>222.0</ele></trkpt>
<trkpt lat="44.550785" lon="-92.464336"><ele>222.0</ele></trkpt>
<trkpt lat="44.550601" lon="-92.463956"><ele>222.1</ele></trkpt>
<trkpt lat="44.550454" lon="-92.463616"><ele>222.2</ele></trkpt>
<trkpt lat="44.550324" lon="-92.463292"><ele>222.2</ele></trkpt>
<trkpt lat="44.550031" lon="-92.462507"><ele>222.2</ele></trkpt>
<trkpt lat="44.549916" lon="-92.462153"><ele>222.1</ele></trkpt>
<trkpt lat="44.549371" lon="-92.460338"><ele>222.2</ele></trkpt>
<trkpt lat="44.549338" lon="-92.460231"><ele>222.2</ele></trkpt>
<trkpt lat="44.548041" lon="-92.455948"><ele>220.9</ele></trkpt>
<trkpt lat="44.547615" lon="-92.454591"><ele>221.1</ele></trkpt>
<trkpt lat="44.546255" lon="-92.450421"><ele>221.1</ele></trkpt>
<trkpt lat="44.545779" lon="-92.448871"><ele>220.5</ele></trkpt>
<trkpt lat="44.545627" lon="-92.448351"><ele>220.3</ele></trkpt>
<trkpt lat="44.545310" lon="-92.447207"><ele>220.0</ele></trkpt>
<trkpt lat="44.544728" lon="-92.444973"><ele>219.3</ele></trkpt>
<trkpt lat="44.544322" lon="-92.443210"><ele>218.9</ele></trkpt>
<trkpt lat="44.544243" lon="-92.442774"><ele>218.9</ele></trkpt>
<trkpt lat="44.544166" lon="-92.442277"><ele>218.9</ele></trkpt>
<trkpt lat="44.544074" lon="-92.441607"><ele>218.8</ele></trkpt>
<trkpt lat="44.543990" lon="-92.440674"><ele>218.7</ele></trkpt>
<trkpt lat="44.543944" lon="-92.439757"><ele>218.3</ele></trkpt>
<trkpt lat="44.543934" lon="-92.438738"><ele>218.1</ele></trkpt>
<trkpt lat="44.543964" lon="-92.437876"><ele>217.4</ele></trkpt>
<trkpt lat="44.544421" lon="-92.431720"><ele>212.2</ele></trkpt>
<trkpt lat="44.544447" lon="-92.431227"><ele>211.8</ele></trkpt>
<trkpt lat="44.544465" lon="-92.430535"><ele>211.6</ele></trkpt>
<trkpt lat="44.544438" lon="-92.429558"><ele>211.0</ele></trkpt>
<trkpt lat="44.544408" lon="-92.429107"><ele>210.9</ele></trkpt>
<trkpt lat="44.544372" lon="-92.428747"><ele>210.8</ele></trkpt>
<trkpt lat="44.544266" lon="-92.427986"><ele>210.5</ele></trkpt>
<trkpt lat="44.544120" lon="-92.427239"><ele>210.1</ele></trkpt>
<trkpt lat="44.543941" lon="-92.426514"><ele>210.1</ele></trkpt>
<trkpt lat="44.543712" lon="-92.425771"><ele>209.8</ele></trkpt>
<trkpt lat="44.543546" lon="-92.425309"><ele>209.6</ele></trkpt>
<trkpt lat="44.543277" lon="-92.424664"><ele>209.5</ele></trkpt>
<trkpt lat="44.543039" lon="-92.424134"><ele>209.6</ele></trkpt>
<trkpt lat="44.542788" lon="-92.423658"><ele>209.8</ele></trkpt>
<trkpt lat="44.542493" lon="-92.423127"><ele>210.1</ele></trkpt>
<trkpt lat="44.542003" lon="-92.422351"><ele>210.6</ele></trkpt>
<trkpt lat="44.541744" lon="-92.421982"><ele>210.9</ele></trkpt>
<trkpt lat="44.541488" lon="-92.421647"><ele>211.2</ele></trkpt>
<trkpt lat="44.541163" lon="-92.421243"><ele>211.2</ele></trkpt>
<trkpt lat="44.540833" lon="-92.420871"><ele>211.0</ele></trkpt>
<trkpt lat="44.540484" lon="-92.420507"><ele>211.0</ele></trkpt>
<trkpt lat="44.540129" lon="-92.420174"><ele>211.1</ele></trkpt>
<trkpt lat="44.539730" lon="-92.419836"><ele>211.3</ele></trkpt>
<trkpt lat="44.539342" lon="-92.419538"><ele>212.0</ele></trkpt>
<trkpt lat="44.534610" lon="-92.416225"><ele>212.8</ele></trkpt>
<trkpt lat="44.527284" lon="-92.411138"><ele>215.0</ele></trkpt>
<trkpt lat="44.525173" lon="-92.409659"><ele>217.6</ele></trkpt>
<trkpt lat="44.523134" lon="-92.408123"><ele>218.1</ele></trkpt>
<trkpt lat="44.522590" lon="-92.407647"><ele>217.9</ele></trkpt>
<trkpt lat="44.522225" lon="-92.407279"><ele>218.2</ele></trkpt>
<trkpt lat="44.521876" lon="-92.406887"><ele>218.6</ele></trkpt>
<trkpt lat="44.521276" lon="-92.406089"><ele>219.4</ele></trkpt>
<trkpt lat="44.520943" lon="-92.405563"><ele>219.8</ele></trkpt>
<trkpt lat="44.520593" lon="-92.404936"><ele>219.9</ele></trkpt>
<trkpt lat="44.520373" lon="-92.404482"><ele>219.9</ele></trkpt>
<trkpt lat="44.520184" lon="-92.404059"><ele>219.8</ele></trkpt>
<trkpt lat="44.520016" lon="-92.403623"><ele>219.8</ele></trkpt>
<trkpt lat="44.519863" lon="-92.403184"><ele>219.9</ele></trkpt>
<trkpt lat="44.519633" lon="-92.402423"><ele>220.0</ele></trkpt>
<trkpt lat="44.519503" lon="-92.401899"><ele>220.1</ele></trkpt>
<trkpt lat="44.519421" lon="-92.401497"><ele>220.2</ele></trkpt>
<trkpt lat="44.518766" lon="-92.397954"><ele>222.5</ele></trkpt>
<trkpt lat="44.517186" lon="-92.388974"><ele>216.3</ele></trkpt>
<trkpt lat="44.515992" lon="-92.382365"><ele>215.8</ele></trkpt>
<trkpt lat="44.514997" lon="-92.377426"><ele>215.7</ele></trkpt>
<trkpt lat="44.513502" lon="-92.369934"><ele>217.0</ele></trkpt>
<trkpt lat="44.511702" lon="-92.361048"><ele>218.9</ele></trkpt>
<trkpt lat="44.511577" lon="-92.360305"><ele>219.0</ele></trkpt>
<trkpt lat="44.511211" lon="-92.358140"><ele>219.0</ele></trkpt>
<trkpt lat="44.510418" lon="-92.353837"><ele>219.5</ele></trkpt>
<trkpt lat="44.509621" lon="-92.349897"><ele>219.9</ele></trkpt>
<trkpt lat="44.509435" lon="-92.348906"><ele>219.4</ele></trkpt>
<trkpt lat="44.507697" lon="-92.339433"><ele>216.3</ele></trkpt>
<trkpt lat="44.507079" lon="-92.336000"><ele>213.6</ele></trkpt>
<trkpt lat="44.506965" lon="-92.335274"><ele>213.4</ele></trkpt>
<trkpt lat="44.506925" lon="-92.334904"><ele>213.4</ele></trkpt>
<trkpt lat="44.506887" lon="-92.334367"><ele>213.7</ele></trkpt>
<trkpt lat="44.506858" lon="-92.333822"><ele>213.6</ele></trkpt>
<trkpt lat="44.506830" lon="-92.333066"><ele>212.1</ele></trkpt>
<trkpt lat="44.506812" lon="-92.332503"><ele>211.2</ele></trkpt>
<trkpt lat="44.506634" lon="-92.327272"><ele>210.1</ele></trkpt>
<trkpt lat="44.506616" lon="-92.326912"><ele>210.0</ele></trkpt>
<trkpt lat="44.506556" lon="-92.326275"><ele>210.0</ele></trkpt>
<trkpt lat="44.506506" lon="-92.325897"><ele>210.0</ele></trkpt>
<trkpt lat="44.506452" lon="-92.325566"><ele>210.1</ele></trkpt>
<trkpt lat="44.506323" lon="-92.324923"><ele>210.6</ele></trkpt>
<trkpt lat="44.506161" lon="-92.324313"><ele>210.4</ele></trkpt>
<trkpt lat="44.506069" lon="-92.324026"><ele>210.4</ele></trkpt>
<trkpt lat="44.505908" lon="-92.323571"><ele>210.3</ele></trkpt>
<trkpt lat="44.505785" lon="-92.323257"><ele>210.3</ele></trkpt>
<trkpt lat="44.505623" lon="-92.322892"><ele>210.3</ele></trkpt>
<trkpt lat="44.505440" lon="-92.322511"><ele>210.3</ele></trkpt>
<trkpt lat="44.505321" lon="-92.322290"><ele>210.2</ele></trkpt>
<trkpt lat="44.504939" lon="-92.321656"><ele>210.1</ele></trkpt>
<trkpt lat="44.504727" lon="-92.321365"><ele>210.0</ele></trkpt>
<trkpt lat="44.504357" lon="-92.320909"><ele>210.0</ele></trkpt>
<trkpt lat="44.503982" lon="-92.320478"><ele>209.9</ele></trkpt>
<trkpt lat="44.501776" lon="-92.318006"><ele>209.9</ele></trkpt>
<trkpt lat="44.501174" lon="-92.317358"><ele>209.6</ele></trkpt>
<trkpt lat="44.500768" lon="-92.316995"><ele>209.5</ele></trkpt>
<trkpt lat="44.500301" lon="-92.316642"><ele>209.0</ele></trkpt>
<trkpt lat="44.499833" lon="-92.316348"><ele>208.4</ele></trkpt>
<trkpt lat="44.499504" lon="-92.316170"><ele>208.6</ele></trkpt>
<trkpt lat="44.499040" lon="-92.315944"><ele>208.3</ele></trkpt>
<trkpt lat="44.498158" lon="-92.315552"><ele>208.3</ele></trkpt>
<trkpt lat="44.498128" lon="-92.315545"><ele>208.4</ele></trkpt>
<trkpt lat="44.496007" lon="-92.314694"><ele>208.9</ele></trkpt>
<trkpt lat="44.494373" lon="-92.313985"><ele>211.7</ele></trkpt>
<trkpt lat="44.493791" lon="-92.313760"><ele>212.5</ele></trkpt>
<trkpt lat="44.493356" lon="-92.313571"><ele>213.1</ele></trkpt>
<trkpt lat="44.493016" lon="-92.313374"><ele>213.4</ele></trkpt>
<trkpt lat="44.492458" lon="-92.313015"><ele>213.7</ele></trkpt>
<trkpt lat="44.489476" lon="-92.311003"><ele>212.0</ele></trkpt>
<trkpt lat="44.488409" lon="-92.310213"><ele>210.7</ele></trkpt>
<trkpt lat="44.486922" lon="-92.309132"><ele>210.6</ele></trkpt>
<trkpt lat="44.486229" lon="-92.308716"><ele>210.7</ele></trkpt>
<trkpt lat="44.485715" lon="-92.308446"><ele>210.6</ele></trkpt>
<trkpt lat="44.484501" lon="-92.307858"><ele>211.7</ele></trkpt>
<trkpt lat="44.483613" lon="-92.307363"><ele>211.8</ele></trkpt>
<trkpt lat="44.482619" lon="-92.306638"><ele>210.9</ele></trkpt>
<trkpt lat="44.480165" lon="-92.304749"><ele>209.6</ele></trkpt>
<trkpt lat="44.476582" lon="-92.301951"><ele>208.7</ele></trkpt>
<trkpt lat="44.475316" lon="-92.300976"><ele>207.9</ele></trkpt>
<trkpt lat="44.472365" lon="-92.298884"><ele>207.6</ele></trkpt>
<trkpt lat="44.469187" lon="-92.296603"><ele>207.4</ele></trkpt>
<trkpt lat="44.469009" lon="-92.296471"><ele>207.3</ele></trkpt>
<trkpt lat="44.468312" lon="-92.295870"><ele>207.1</ele></trkpt>
<trkpt lat="44.467781" lon="-92.295316"><ele>207.2</ele></trkpt>
<trkpt lat="44.467424" lon="-92.294889"><ele>207.3</ele></trkpt>
<trkpt lat="44.467178" lon="-92.294558"><ele>207.3</ele></trkpt>
<trkpt lat="44.466753" lon="-92.293913"><ele>207.4</ele></trkpt>
<trkpt lat="44.466338" lon="-92.293150"><ele>208.0</ele></trkpt>
<trkpt lat="44.465870" lon="-92.292204"><ele>209.0</ele></trkpt>
<trkpt lat="44.465221" lon="-92.290811"><ele>209.2</ele></trkpt>
<trkpt lat="44.464984" lon="-92.290278"><ele>207.8</ele></trkpt>
<trkpt lat="44.463849" lon="-92.287842"><ele>207.2</ele></trkpt>
<trkpt lat="44.463106" lon="-92.286218"><ele>207.0</ele></trkpt>
<trkpt lat="44.462896" lon="-92.285860"><ele>207.0</ele></trkpt>
<trkpt lat="44.462573" lon="-92.285369"><ele>207.2</ele></trkpt>
<trkpt lat="44.462432" lon="-92.285144"><ele>207.9</ele></trkpt>
<trkpt lat="44.462342" lon="-92.285121"><ele>207.6</ele></trkpt>
<trkpt lat="44.461714" lon="-92.284367"><ele>207.7</ele></trkpt>
<trkpt lat="44.459289" lon="-92.281341"><ele>208.8</ele></trkpt>
<trkpt lat="44.456910" lon="-92.278204"><ele>210.2</ele></trkpt>
<trkpt lat="44.456124" lon="-92.277137"><ele>209.7</ele></trkpt>
<trkpt lat="44.455493" lon="-92.276301"><ele>210.3</ele></trkpt>
<trkpt lat="44.454621" lon="-92.275073"><ele>210.5</ele></trkpt>
<trkpt lat="44.454360" lon="-92.274592"><ele>210.1</ele></trkpt>
<trkpt lat="44.453776" lon="-92.273707"><ele>209.9</ele></trkpt>
<trkpt lat="44.452980" lon="-92.272435"><ele>210.0</ele></trkpt>
<trkpt lat="44.452083" lon="-92.270981"><ele>210.0</ele></trkpt>
<trkpt lat="44.450072" lon="-92.267773"><ele>210.0</ele></trkpt>
<trkpt lat="44.449430" lon="-92.266730"><ele>210.0</ele></trkpt>
<trkpt lat="44.448076" lon="-92.264570"><ele>209.2</ele></trkpt>
<trkpt lat="44.447394" lon="-92.263509"><ele>208.4</ele></trkpt>
<trkpt lat="44.447035" lon="-92.262919"><ele>208.6</ele></trkpt>
<trkpt lat="44.446865" lon="-92.262671"><ele>208.6</ele></trkpt>
<trkpt lat="44.446709" lon="-92.262482"><ele>209.1</ele></trkpt>
<trkpt lat="44.446403" lon="-92.262235"><ele>210.0</ele></trkpt>
<trkpt lat="44.446112" lon="-92.262043"><ele>209.6</ele></trkpt>
<trkpt lat="44.444750" lon="-92.261086"><ele>210.1</ele></trkpt>
<trkpt lat="44.442641" lon="-92.259128"><ele>209.3</ele></trkpt>
<trkpt lat="44.441589" lon="-92.258135"><ele>209.3</ele></trkpt>
<trkpt lat="44.440947" lon="-92.257547"><ele>209.0</ele></trkpt>
<trkpt lat="44.440699" lon="-92.257399"><ele>209.0</ele></trkpt>
<trkpt lat="44.440160" lon="-92.257121"><ele>209.8</ele></trkpt>
<trkpt lat="44.440059" lon="-92.257092"><ele>210.1</ele></trkpt>
<trkpt lat="44.439492" lon="-92.257007"><ele>212.2</ele></trkpt>
<trkpt lat="44.438164" lon="-92.256893"><ele>216.0</ele></trkpt>
<trkpt lat="44.437402" lon="-92.256813"><ele>217.0</ele></trkpt>
<trkpt lat="44.435569" lon="-92.256659"><ele>218.0</ele></trkpt>
<trkpt lat="44.434764" lon="-92.256592"><ele>219.8</ele></trkpt>
<trkpt lat="44.433613" lon="-92.256481"><ele>215.7</ele></trkpt>
<trkpt lat="44.433133" lon="-92.256404"><ele>213.2</ele></trkpt>
<trkpt lat="44.432750" lon="-92.256308"><ele>211.0</ele></trkpt>
<trkpt lat="44.432565" lon="-92.256240"><ele>207.7</ele></trkpt>
<trkpt lat="44.432111" lon="-92.256022"><ele>207.9</ele></trkpt>
<trkpt lat="44.431809" lon="-92.255835"><ele>208.8</ele></trkpt>
<trkpt lat="44.431415" lon="-92.255513"><ele>209.1</ele></trkpt>
<trkpt lat="44.431135" lon="-92.255259"><ele>209.3</ele></trkpt>
<trkpt lat="44.430857" lon="-92.254960"><ele>209.8</ele></trkpt>
<trkpt lat="44.430537" lon="-92.254510"><ele>210.8</ele></trkpt>
<trkpt lat="44.430161" lon="-92.253884"><ele>211.9</ele></trkpt>
<trkpt lat="44.426571" lon="-92.247497"><ele>216.5</ele></trkpt>
<trkpt lat="44.425511" lon="-92.245613"><ele>217.0</ele></trkpt>
<trkpt lat="44.425300" lon="-92.245257"><ele>217.0</ele></trkpt>
<trkpt lat="44.424820" lon="-92.244323"><ele>216.8</ele></trkpt>
<trkpt lat="44.424490" lon="-92.243580"><ele>216.7</ele></trkpt>
<trkpt lat="44.424285" lon="-92.242998"><ele>216.6</ele></trkpt>
<trkpt lat="44.424113" lon="-92.242468"><ele>216.4</ele></trkpt>
<trkpt lat="44.423914" lon="-92.241718"><ele>215.6</ele></trkpt>
<trkpt lat="44.423768" lon="-92.241027"><ele>214.2</ele></trkpt>
<trkpt lat="44.423705" lon="-92.240649"><ele>213.4</ele></trkpt>
<trkpt lat="44.423656" lon="-92.240269"><ele>212.5</ele></trkpt>
<trkpt lat="44.423582" lon="-92.239571"><ele>210.6</ele></trkpt>
<trkpt lat="44.423554" lon="-92.239235"><ele>209.7</ele></trkpt>
<trkpt lat="44.423538" lon="-92.238890"><ele>208.6</ele></trkpt>
<trkpt lat="44.423531" lon="-92.238365"><ele>207.5</ele></trkpt>
<trkpt lat="44.423547" lon="-92.237526"><ele>208.4</ele></trkpt>
<trkpt lat="44.423834" lon="-92.232066"><ele>217.5</ele></trkpt>
<trkpt lat="44.423851" lon="-92.231600"><ele>217.7</ele></trkpt>
<trkpt lat="44.423858" lon="-92.231083"><ele>217.8</ele></trkpt>
<trkpt lat="44.423850" lon="-92.230592"><ele>217.9</ele></trkpt>
<trkpt lat="44.423835" lon="-92.230196"><ele>218.0</ele></trkpt>
<trkpt lat="44.423520" lon="-92.225548"><ele>218.4</ele></trkpt>
<trkpt lat="44.423478" lon="-92.225106"><ele>218.5</ele></trkpt>
<trkpt lat="44.423434" lon="-92.224779"><ele>218.5</ele></trkpt>
<trkpt lat="44.423321" lon="-92.224185"><ele>218.5</ele></trkpt>
<trkpt lat="44.423161" lon="-92.223486"><ele>218.8</ele></trkpt>
<trkpt lat="44.423003" lon="-92.222842"><ele>219.4</ele></trkpt>
<trkpt lat="44.422808" lon="-92.222116"><ele>220.3</ele></trkpt>
<trkpt lat="44.422553" lon="-92.221217"><ele>221.2</ele></trkpt>
<trkpt lat="44.421918" lon="-92.219110"><ele>220.8</ele></trkpt>
<trkpt lat="44.421512" lon="-92.217841"><ele>221.3</ele></trkpt>
<trkpt lat="44.421381" lon="-92.217468"><ele>221.1</ele></trkpt>
<trkpt lat="44.421109" lon="-92.216849"><ele>220.3</ele></trkpt>
<trkpt lat="44.420799" lon="-92.216314"><ele>219.0</ele></trkpt>
<trkpt lat="44.420647" lon="-92.216084"><ele>218.4</ele></trkpt>
<trkpt lat="44.420265" lon="-92.215618"><ele>217.1</ele></trkpt>
<trkpt lat="44.418763" lon="-92.213910"><ele>209.7</ele></trkpt>
<trkpt lat="44.418547" lon="-92.213615"><ele>208.9</ele></trkpt>
<trkpt lat="44.418414" lon="-92.213403"><ele>208.5</ele></trkpt>
<trkpt lat="44.418118" lon="-92.212860"><ele>208.2</ele></trkpt>
<trkpt lat="44.417972" lon="-92.212523"><ele>208.2</ele></trkpt>
<trkpt lat="44.417870" lon="-92.212259"><ele>208.1</ele></trkpt>
<trkpt lat="44.417759" lon="-92.211921"><ele>208.2</ele></trkpt>
<trkpt lat="44.417651" lon="-92.211526"><ele>208.1</ele></trkpt>
<trkpt lat="44.417577" lon="-92.211185"><ele>208.3</ele></trkpt>
<trkpt lat="44.417528" lon="-92.210881"><ele>208.4</ele></trkpt>
<trkpt lat="44.417482" lon="-92.210494"><ele>208.8</ele></trkpt>
<trkpt lat="44.417104" lon="-92.206410"><ele>214.7</ele></trkpt>
<trkpt lat="44.417051" lon="-92.205767"><ele>215.8</ele></trkpt>
<trkpt lat="44.417017" lon="-92.205166"><ele>217.1</ele></trkpt>
<trkpt lat="44.416823" lon="-92.199895"><ele>217.3</ele></trkpt>
<trkpt lat="44.416740" lon="-92.196257"><ele>218.8</ele></trkpt>
<trkpt lat="44.416717" lon="-92.194615"><ele>218.9</ele></trkpt>
<trkpt lat="44.416656" lon="-92.193848"><ele>217.6</ele></trkpt>
<trkpt lat="44.416527" lon="-92.193132"><ele>215.7</ele></trkpt>
<trkpt lat="44.416312" lon="-92.192365"><ele>213.4</ele></trkpt>
<trkpt lat="44.415825" lon="-92.190748"><ele>213.0</ele></trkpt>
<trkpt lat="44.415624" lon="-92.189994"><ele>215.3</ele></trkpt>
<trkpt lat="44.415517" lon="-92.189482"><ele>216.8</ele></trkpt>
<trkpt lat="44.415456" lon="-92.189079"><ele>217.8</ele></trkpt>
<trkpt lat="44.415397" lon="-92.188524"><ele>219.0</ele></trkpt>
<trkpt lat="44.415360" lon="-92.187961"><ele>219.9</ele></trkpt>
<trkpt lat="44.415313" lon="-92.187453"><ele>220.9</ele></trkpt>
<trkpt lat="44.414817" lon="-92.181149"><ele>224.9</ele></trkpt>
<trkpt lat="44.414737" lon="-92.179977"><ele>225.2</ele></trkpt>
<trkpt lat="44.414658" lon="-92.178107"><ele>223.4</ele></trkpt>
<trkpt lat="44.414586" lon="-92.176683"><ele>222.7</ele></trkpt>
<trkpt lat="44.414518" lon="-92.176040"><ele>222.2</ele></trkpt>
<trkpt lat="44.414425" lon="-92.175473"><ele>221.7</ele></trkpt>
<trkpt lat="44.414194" lon="-92.174491"><ele>220.4</ele></trkpt>
<trkpt lat="44.414017" lon="-92.173974"><ele>219.5</ele></trkpt>
<trkpt lat="44.413717" lon="-92.173172"><ele>217.4</ele></trkpt>
<trkpt lat="44.412839" lon="-92.171112"><ele>211.0</ele></trkpt>
<trkpt lat="44.412815" lon="-92.171059"><ele>211.0</ele></trkpt>
<trkpt lat="44.412692" lon="-92.170785"><ele>210.6</ele></trkpt>
<trkpt lat="44.412251" lon="-92.169727"><ele>212.2</ele></trkpt>
<trkpt lat="44.411956" lon="-92.168974"><ele>212.5</ele></trkpt>
<trkpt lat="44.411758" lon="-92.168422"><ele>212.3</ele></trkpt>
<trkpt lat="44.411054" lon="-92.166161"><ele>209.7</ele></trkpt>
<trkpt lat="44.410871" lon="-92.165467"><ele>208.8</ele></trkpt>
<trkpt lat="44.410801" lon="-92.165129"><ele>208.4</ele></trkpt>
<trkpt lat="44.410697" lon="-92.164451"><ele>207.8</ele></trkpt>
<trkpt lat="44.410659" lon="-92.163782"><ele>207.2</ele></trkpt>
<trkpt lat="44.410686" lon="-92.163162"><ele>206.3</ele></trkpt>
<trkpt lat="44.410713" lon="-92.162861"><ele>206.2</ele></trkpt>
<trkpt lat="44.410788" lon="-92.162289"><ele>207.5</ele></trkpt>
<trkpt lat="44.410961" lon="-92.161522"><ele>207.8</ele></trkpt>
<trkpt lat="44.411482" lon="-92.159910"><ele>209.1</ele></trkpt>
<trkpt lat="44.411837" lon="-92.158726"><ele>211.8</ele></trkpt>
<trkpt lat="44.412090" lon="-92.157423"><ele>215.1</ele></trkpt>
<trkpt lat="44.412180" lon="-92.156674"><ele>216.9</ele></trkpt>
<trkpt lat="44.412219" lon="-92.155039"><ele>221.3</ele></trkpt>
<trkpt lat="44.412322" lon="-92.151349"><ele>224.3</ele></trkpt>
<trkpt lat="44.412325" lon="-92.150995"><ele>223.8</ele></trkpt>
<trkpt lat="44.412317" lon="-92.150766"><ele>223.2</ele></trkpt>
<trkpt lat="44.412296" lon="-92.150472"><ele>222.2</ele></trkpt>
<trkpt lat="44.412255" lon="-92.150157"><ele>221.1</ele></trkpt>
<trkpt lat="44.412196" lon="-92.149824"><ele>219.9</ele></trkpt>
<trkpt lat="44.412139" lon="-92.149573"><ele>218.9</ele></trkpt>
<trkpt lat="44.412058" lon="-92.149293"><ele>217.9</ele></trkpt>
<trkpt lat="44.411209" lon="-92.146694"><ele>212.2</ele></trkpt>
<trkpt lat="44.411058" lon="-92.146169"><ele>210.8</ele></trkpt>
<trkpt lat="44.410988" lon="-92.145890"><ele>210.0</ele></trkpt>
<trkpt lat="44.410898" lon="-92.145450"><ele>208.6</ele></trkpt>
<trkpt lat="44.410792" lon="-92.144826"><ele>208.0</ele></trkpt>
<trkpt lat="44.410717" lon="-92.144256"><ele>207.7</ele></trkpt>
<trkpt lat="44.410685" lon="-92.143645"><ele>207.5</ele></trkpt>
<trkpt lat="44.410689" lon="-92.142668"><ele>207.2</ele></trkpt>
<trkpt lat="44.410725" lon="-92.142067"><ele>207.1</ele></trkpt>
<trkpt lat="44.410779" lon="-92.141591"><ele>207.2</ele></trkpt>
<trkpt lat="44.410889" lon="-92.140944"><ele>207.7</ele></trkpt>
<trkpt lat="44.411373" lon="-92.138510"><ele>211.5</ele></trkpt>
<trkpt lat="44.411425" lon="-92.138193"><ele>212.4</ele></trkpt>
<trkpt lat="44.411511" lon="-92.137511"><ele>214.9</ele></trkpt>
<trkpt lat="44.411536" lon="-92.137212"><ele>216.2</ele></trkpt>
<trkpt lat="44.411554" lon="-92.136862"><ele>217.5</ele></trkpt>
<trkpt lat="44.411562" lon="-92.136136"><ele>220.2</ele></trkpt>
<trkpt lat="44.411556" lon="-92.135792"><ele>221.2</ele></trkpt>
<trkpt lat="44.411434" lon="-92.132102"><ele>220.8</ele></trkpt>
<trkpt lat="44.411373" lon="-92.130558"><ele>220.2</ele></trkpt>
<trkpt lat="44.411300" lon="-92.129055"><ele>220.0</ele></trkpt>
<trkpt lat="44.411266" lon="-92.128581"><ele>219.8</ele></trkpt>
<trkpt lat="44.411205" lon="-92.127987"><ele>219.3</ele></trkpt>
<trkpt lat="44.411080" lon="-92.127104"><ele>217.4</ele></trkpt>
<trkpt lat="44.410830" lon="-92.125506"><ele>215.5</ele></trkpt>
<trkpt lat="44.410788" lon="-92.125164"><ele>216.4</ele></trkpt>
<trkpt lat="44.410752" lon="-92.124778"><ele>216.9</ele></trkpt>
<trkpt lat="44.410425" lon="-92.119737"><ele>223.8</ele></trkpt>
<trkpt lat="44.410350" lon="-92.118947"><ele>224.1</ele></trkpt>
<trkpt lat="44.410286" lon="-92.118488"><ele>223.9</ele></trkpt>
<trkpt lat="44.410221" lon="-92.118112"><ele>223.3</ele></trkpt>
<trkpt lat="44.410137" lon="-92.117685"><ele>222.5</ele></trkpt>
<trkpt lat="44.409865" lon="-92.116516"><ele>219.6</ele></trkpt>
<trkpt lat="44.409681" lon="-92.115828"><ele>217.3</ele></trkpt>
<trkpt lat="44.409543" lon="-92.115267"><ele>217.1</ele></trkpt>
<trkpt lat="44.409493" lon="-92.115005"><ele>217.3</ele></trkpt>
<trkpt lat="44.409409" lon="-92.114493"><ele>218.8</ele></trkpt>
<trkpt lat="44.409350" lon="-92.113940"><ele>218.1</ele></trkpt>
<trkpt lat="44.409328" lon="-92.113237"><ele>220.6</ele></trkpt>
<trkpt lat="44.409332" lon="-92.112868"><ele>221.6</ele></trkpt>
<trkpt lat="44.409347" lon="-92.112498"><ele>222.9</ele></trkpt>
<trkpt lat="44.409489" lon="-92.111413"><ele>222.8</ele></trkpt>
<trkpt lat="44.409781" lon="-92.109488"><ele>227.5</ele></trkpt>
<trkpt lat="44.409895" lon="-92.108572"><ele>228.6</ele></trkpt>
<trkpt lat="44.409959" lon="-92.107837"><ele>228.7</ele></trkpt>
<trkpt lat="44.410046" lon="-92.106353"><ele>227.0</ele></trkpt>
<trkpt lat="44.410058" lon="-92.105934"><ele>226.4</ele></trkpt>
<trkpt lat="44.410057" lon="-92.105314"><ele>225.5</ele></trkpt>
<trkpt lat="44.410034" lon="-92.104293"><ele>223.6</ele></trkpt>
<trkpt lat="44.409979" lon="-92.103288"><ele>221.9</ele></trkpt>
<trkpt lat="44.409946" lon="-92.102845"><ele>221.4</ele></trkpt>
<trkpt lat="44.409898" lon="-92.102350"><ele>221.0</ele></trkpt>
<trkpt lat="44.409769" lon="-92.101239"><ele>219.9</ele></trkpt>
<trkpt lat="44.409563" lon="-92.100013"><ele>218.5</ele></trkpt>
<trkpt lat="44.409459" lon="-92.099469"><ele>218.4</ele></trkpt>
<trkpt lat="44.409329" lon="-92.098866"><ele>218.0</ele></trkpt>
<trkpt lat="44.408769" lon="-92.096485"><ele>214.0</ele></trkpt>
<trkpt lat="44.408113" lon="-92.093767"><ele>216.7</ele></trkpt>
<trkpt lat="44.406798" lon="-92.088199"><ele>226.5</ele></trkpt>
<trkpt lat="44.406431" lon="-92.086740"><ele>226.6</ele></trkpt>
<trkpt lat="44.406127" lon="-92.085775"><ele>225.7</ele></trkpt>
<trkpt lat="44.405849" lon="-92.085055"><ele>224.8</ele></trkpt>
<trkpt lat="44.405484" lon="-92.084253"><ele>223.7</ele></trkpt>
<trkpt lat="44.405133" lon="-92.083623"><ele>222.6</ele></trkpt>
<trkpt lat="44.404384" lon="-92.082515"><ele>220.8</ele></trkpt>
<trkpt lat="44.403947" lon="-92.081916"><ele>220.3</ele></trkpt>
<trkpt lat="44.403153" lon="-92.080785"><ele>216.5</ele></trkpt>
<trkpt lat="44.403083" lon="-92.080670"><ele>215.6</ele></trkpt>
<trkpt lat="44.402933" lon="-92.080412"><ele>214.6</ele></trkpt>
<trkpt lat="44.402584" lon="-92.079772"><ele>215.3</ele></trkpt>
<trkpt lat="44.402239" lon="-92.079061"><ele>214.9</ele></trkpt>
<trkpt lat="44.401550" lon="-92.077588"><ele>214.0</ele></trkpt>
<trkpt lat="44.400768" lon="-92.075923"><ele>218.7</ele></trkpt>
<trkpt lat="44.400355" lon="-92.075077"><ele>220.0</ele></trkpt>
<trkpt lat="44.400124" lon="-92.074691"><ele>220.5</ele></trkpt>
<trkpt lat="44.398348" lon="-92.072107"><ele>219.4</ele></trkpt>
<trkpt lat="44.397895" lon="-92.071350"><ele>221.9</ele></trkpt>
<trkpt lat="44.397302" lon="-92.070299"><ele>223.9</ele></trkpt>
<trkpt lat="44.395519" lon="-92.066937"><ele>220.9</ele></trkpt>
<trkpt lat="44.395205" lon="-92.066438"><ele>219.7</ele></trkpt>
<trkpt lat="44.394812" lon="-92.065899"><ele>218.3</ele></trkpt>
<trkpt lat="44.394505" lon="-92.065537"><ele>217.3</ele></trkpt>
<trkpt lat="44.394131" lon="-92.065160"><ele>216.1</ele></trkpt>
<trkpt lat="44.393723" lon="-92.064801"><ele>214.6</ele></trkpt>
<trkpt lat="44.392905" lon="-92.064237"><ele>211.3</ele></trkpt>
<trkpt lat="44.390909" lon="-92.063006"><ele>216.2</ele></trkpt>
<trkpt lat="44.389704" lon="-92.062409"><ele>218.1</ele></trkpt>
<trkpt lat="44.388808" lon="-92.061911"><ele>219.8</ele></trkpt>
<trkpt lat="44.388166" lon="-92.061518"><ele>221.0</ele></trkpt>
<trkpt lat="44.386183" lon="-92.060241"><ele>222.0</ele></trkpt>
<trkpt lat="44.385692" lon="-92.059900"><ele>222.0</ele></trkpt>
<trkpt lat="44.385442" lon="-92.059712"><ele>221.9</ele></trkpt>
<trkpt lat="44.385189" lon="-92.059505"><ele>221.9</ele></trkpt>
<trkpt lat="44.384632" lon="-92.058999"><ele>221.9</ele></trkpt>
<trkpt lat="44.384346" lon="-92.058720"><ele>221.9</ele></trkpt>
<trkpt lat="44.384062" lon="-92.058419"><ele>222.0</ele></trkpt>
<trkpt lat="44.383547" lon="-92.057794"><ele>222.1</ele></trkpt>
<trkpt lat="44.383051" lon="-92.057143"><ele>221.9</ele></trkpt>
<trkpt lat="44.382418" lon="-92.056123"><ele>221.1</ele></trkpt>
<trkpt lat="44.381808" lon="-92.055118"><ele>220.4</ele></trkpt>
<trkpt lat="44.381152" lon="-92.054110"><ele>219.7</ele></trkpt>
<trkpt lat="44.380384" lon="-92.052868"><ele>219.0</ele></trkpt>
<trkpt lat="44.378917" lon="-92.050549"><ele>218.0</ele></trkpt>
<trkpt lat="44.378415" lon="-92.049768"><ele>217.7</ele></trkpt>
<trkpt lat="44.377384" lon="-92.048209"><ele>217.2</ele></trkpt>
<trkpt lat="44.376788" lon="-92.047397"><ele>217.0</ele></trkpt>
<trkpt lat="44.375492" lon="-92.045780"><ele>217.0</ele></trkpt>
<trkpt lat="44.374999" lon="-92.045193"><ele>217.0</ele></trkpt>
<trkpt lat="44.373498" lon="-92.043355"><ele>216.9</ele></trkpt>
<trkpt lat="44.372438" lon="-92.042112"><ele>217.0</ele></trkpt>
<trkpt lat="44.370893" lon="-92.040213"><ele>217.0</ele></trkpt>
<trkpt lat="44.370682" lon="-92.039959"><ele>216.5</ele></trkpt>
<trkpt lat="44.369260" lon="-92.038204"><ele>216.0</ele></trkpt>
<trkpt lat="44.367443" lon="-92.036243"><ele>214.7</ele></trkpt>
<trkpt lat="44.366701" lon="-92.035583"><ele>213.9</ele></trkpt>
<trkpt lat="44.366074" lon="-92.035104"><ele>213.9</ele></trkpt>
<trkpt lat="44.365617" lon="-92.034778"><ele>213.4</ele></trkpt>
<trkpt lat="44.364856" lon="-92.034301"><ele>212.8</ele></trkpt>
<trkpt lat="44.364399" lon="-92.033995"><ele>212.6</ele></trkpt>
<trkpt lat="44.363770" lon="-92.033663"><ele>212.4</ele></trkpt>
<trkpt lat="44.362493" lon="-92.033017"><ele>214.0</ele></trkpt>
<trkpt lat="44.362217" lon="-92.032860"><ele>214.9</ele></trkpt>
<trkpt lat="44.361944" lon="-92.032681"><ele>215.6</ele></trkpt>
<trkpt lat="44.361691" lon="-92.032496"><ele>216.1</ele></trkpt>
<trkpt lat="44.360912" lon="-92.031884"><ele>217.8</ele></trkpt>
<trkpt lat="44.360422" lon="-92.031404"><ele>219.0</ele></trkpt>
<trkpt lat="44.359835" lon="-92.030736"><ele>219.9</ele></trkpt>
<trkpt lat="44.358930" lon="-92.029679"><ele>220.6</ele></trkpt>
<trkpt lat="44.356713" lon="-92.027141"><ele>218.0</ele></trkpt>
<trkpt lat="44.356417" lon="-92.026766"><ele>217.5</ele></trkpt>
<trkpt lat="44.355873" lon="-92.026015"><ele>216.6</ele></trkpt>
<trkpt lat="44.355524" lon="-92.025516"><ele>216.4</ele></trkpt>
<trkpt lat="44.355029" lon="-92.024717"><ele>216.4</ele></trkpt>
<trkpt lat="44.354465" lon="-92.023719"><ele>216.5</ele></trkpt>
<trkpt lat="44.354062" lon="-92.022898"><ele>217.0</ele></trkpt>
<trkpt lat="44.352658" lon="-92.019856"><ele>219.1</ele></trkpt>
<trkpt lat="44.352117" lon="-92.018864"><ele>219.9</ele></trkpt>
<trkpt lat="44.351903" lon="-92.018515"><ele>220.3</ele></trkpt>
<trkpt lat="44.351661" lon="-92.018172"><ele>220.5</ele></trkpt>
<trkpt lat="44.350970" lon="-92.017351"><ele>221.1</ele></trkpt>
<trkpt lat="44.350345" lon="-92.016718"><ele>221.8</ele></trkpt>
<trkpt lat="44.348186" lon="-92.014680"><ele>222.2</ele></trkpt>
<trkpt lat="44.346506" lon="-92.013137"><ele>220.3</ele></trkpt>
<trkpt lat="44.345732" lon="-92.012407"><ele>219.3</ele></trkpt>
<trkpt lat="44.344946" lon="-92.011618"><ele>217.8</ele></trkpt>
<trkpt lat="44.344111" lon="-92.010879"><ele>217.2</ele></trkpt>
<trkpt lat="44.342900" lon="-92.009779"><ele>218.4</ele></trkpt>
<trkpt lat="44.340279" lon="-92.007291"><ele>220.0</ele></trkpt>
<trkpt lat="44.339341" lon="-92.006383"><ele>220.4</ele></trkpt>
<trkpt lat="44.336762" lon="-92.004038"><ele>215.3</ele></trkpt>
<trkpt lat="44.336002" lon="-92.003392"><ele>214.0</ele></trkpt>
<trkpt lat="44.335027" lon="-92.002738"><ele>214.5</ele></trkpt>
<trkpt lat="44.334235" lon="-92.002369"><ele>215.7</ele></trkpt>
<trkpt lat="44.333273" lon="-92.002011"><ele>216.3</ele></trkpt>
<trkpt lat="44.332384" lon="-92.001805"><ele>216.1</ele></trkpt>
<trkpt lat="44.331598" lon="-92.001732"><ele>215.1</ele></trkpt>
<trkpt lat="44.330549" lon="-92.001698"><ele>215.0</ele></trkpt>
<trkpt lat="44.329654" lon="-92.001651"><ele>214.8</ele></trkpt>
<trkpt lat="44.328306" lon="-92.001623"><ele>214.1</ele></trkpt>
<trkpt lat="44.326769" lon="-92.001620"><ele>214.0</ele></trkpt>
<trkpt lat="44.323872" lon="-92.001535"><ele>213.5</ele></trkpt>
<trkpt lat="44.319645" lon="-92.001446"><ele>211.4</ele></trkpt>
<trkpt lat="44.318312" lon="-92.001520"><ele>211.4</ele></trkpt>
<trkpt lat="44.317362" lon="-92.001708"><ele>211.6</ele></trkpt>
<trkpt lat="44.316071" lon="-92.002107"><ele>211.3</ele></trkpt>
<trkpt lat="44.314599" lon="-92.002646"><ele>212.0</ele></trkpt>
<trkpt lat="44.313768" lon="-92.002993"><ele>212.8</ele></trkpt>
<trkpt lat="44.313207" lon="-92.003214"><ele>213.1</ele></trkpt>
<trkpt lat="44.311589" lon="-92.003826"><ele>216.1</ele></trkpt>
<trkpt lat="44.310967" lon="-92.004080"><ele>217.3</ele></trkpt>
<trkpt lat="44.309752" lon="-92.004531"><ele>219.1</ele></trkpt>
<trkpt lat="44.307837" lon="-92.005219"><ele>222.1</ele></trkpt>
<trkpt lat="44.307476" lon="-92.005306"><ele>223.0</ele></trkpt>
<trkpt lat="44.306560" lon="-92.005348"><ele>226.3</ele></trkpt>
<trkpt lat="44.305922" lon="-92.005285"><ele>228.5</ele></trkpt>
<trkpt lat="44.305333" lon="-92.005144"><ele>230.0</ele></trkpt>
<trkpt lat="44.304582" lon="-92.004838"><ele>231.3</ele></trkpt>
<trkpt lat="44.303891" lon="-92.004415"><ele>232.0</ele></trkpt>
<trkpt lat="44.303193" lon="-92.003862"><ele>232.6</ele></trkpt>
<trkpt lat="44.302409" lon="-92.003001"><ele>232.3</ele></trkpt>
<trkpt lat="44.301120" lon="-92.001317"><ele>231.0</ele></trkpt>
<trkpt lat="44.300014" lon="-91.999956"><ele>229.0</ele></trkpt>
<trkpt lat="44.299392" lon="-91.999176"><ele>227.9</ele></trkpt>
<trkpt lat="44.297014" lon="-91.996114"><ele>222.5</ele></trkpt>
<trkpt lat="44.296239" lon="-91.995285"><ele>220.6</ele></trkpt>
<trkpt lat="44.295469" lon="-91.994599"><ele>219.4</ele></trkpt>
<trkpt lat="44.294782" lon="-91.994079"><ele>218.8</ele></trkpt>
<trkpt lat="44.294346" lon="-91.993799"><ele>218.0</ele></trkpt>
<trkpt lat="44.293812" lon="-91.993436"><ele>217.2</ele></trkpt>
<trkpt lat="44.292684" lon="-91.992704"><ele>218.2</ele></trkpt>
<trkpt lat="44.291639" lon="-91.991956"><ele>220.7</ele></trkpt>
<trkpt lat="44.290627" lon="-91.991259"><ele>222.8</ele></trkpt>
<trkpt lat="44.288543" lon="-91.989951"><ele>223.2</ele></trkpt>
<trkpt lat="44.287767" lon="-91.989611"><ele>224.1</ele></trkpt>
<trkpt lat="44.287035" lon="-91.989409"><ele>225.0</ele></trkpt>
<trkpt lat="44.286286" lon="-91.989287"><ele>225.3</ele></trkpt>
<trkpt lat="44.285137" lon="-91.989350"><ele>226.0</ele></trkpt>
<trkpt lat="44.284182" lon="-91.989438"><ele>226.0</ele></trkpt>
<trkpt lat="44.281644" lon="-91.989616"><ele>225.4</ele></trkpt>
<trkpt lat="44.280457" lon="-91.989541"><ele>224.9</ele></trkpt>
<trkpt lat="44.279317" lon="-91.989370"><ele>224.3</ele></trkpt>
<trkpt lat="44.278450" lon="-91.989155"><ele>223.2</ele></trkpt>
<trkpt lat="44.277349" lon="-91.988805"><ele>221.3</ele></trkpt>
<trkpt lat="44.276110" lon="-91.988429"><ele>219.9</ele></trkpt>
<trkpt lat="44.274823" lon="-91.988097"><ele>219.4</ele></trkpt>
<trkpt lat="44.273719" lon="-91.987783"><ele>220.2</ele></trkpt>
<trkpt lat="44.272580" lon="-91.987441"><ele>220.5</ele></trkpt>
<trkpt lat="44.271188" lon="-91.987060"><ele>221.4</ele></trkpt>
<trkpt lat="44.270120" lon="-91.986657"><ele>222.0</ele></trkpt>
<trkpt lat="44.269039" lon="-91.986088"><ele>221.4</ele></trkpt>
<trkpt lat="44.268192" lon="-91.985487"><ele>219.9</ele></trkpt>
<trkpt lat="44.267249" lon="-91.984713"><ele>218.3</ele></trkpt>
<trkpt lat="44.266215" lon="-91.983945"><ele>217.4</ele></trkpt>
<trkpt lat="44.265225" lon="-91.983259"><ele>218.7</ele></trkpt>
<trkpt lat="44.264281" lon="-91.982632"><ele>220.5</ele></trkpt>
<trkpt lat="44.263316" lon="-91.981950"><ele>221.6</ele></trkpt>
<trkpt lat="44.262326" lon="-91.981284"><ele>221.9</ele></trkpt>
<trkpt lat="44.260494" lon="-91.979982"><ele>222.6</ele></trkpt>
<trkpt lat="44.258442" lon="-91.978628"><ele>225.4</ele></trkpt>
<trkpt lat="44.257408" lon="-91.977872"><ele>224.8</ele></trkpt>
<trkpt lat="44.256360" lon="-91.977183"><ele>223.2</ele></trkpt>
<trkpt lat="44.255030" lon="-91.976207"><ele>215.5</ele></trkpt>
<trkpt lat="44.254576" lon="-91.975864"><ele>214.3</ele></trkpt>
<trkpt lat="44.254212" lon="-91.975612"><ele>213.4</ele></trkpt>
<trkpt lat="44.253707" lon="-91.975288"><ele>212.2</ele></trkpt>
<trkpt lat="44.253070" lon="-91.974866"><ele>215.6</ele></trkpt>
<trkpt lat="44.250986" lon="-91.973430"><ele>219.6</ele></trkpt>
<trkpt lat="44.250004" lon="-91.972607"><ele>220.1</ele></trkpt>
<trkpt lat="44.249760" lon="-91.972342"><ele>220.4</ele></trkpt>
<trkpt lat="44.249177" lon="-91.971788"><ele>221.6</ele></trkpt>
<trkpt lat="44.248623" lon="-91.971189"><ele>222.7</ele></trkpt>
<trkpt lat="44.248007" lon="-91.970451"><ele>223.8</ele></trkpt>
<trkpt lat="44.247561" lon="-91.969861"><ele>224.1</ele></trkpt>
<trkpt lat="44.247081" lon="-91.969187"><ele>223.7</ele></trkpt>
<trkpt lat="44.245551" lon="-91.966973"><ele>221.7</ele></trkpt>
<trkpt lat="44.245087" lon="-91.966330"><ele>221.6</ele></trkpt>
<trkpt lat="44.244628" lon="-91.965671"><ele>221.5</ele></trkpt>
<trkpt lat="44.244199" lon="-91.965092"><ele>221.7</ele></trkpt>
<trkpt lat="44.243556" lon="-91.964148"><ele>221.3</ele></trkpt>
<trkpt lat="44.242565" lon="-91.962749"><ele>219.7</ele></trkpt>
<trkpt lat="44.241426" lon="-91.961046"><ele>219.9</ele></trkpt>
<trkpt lat="44.241181" lon="-91.960645"><ele>219.8</ele></trkpt>
<trkpt lat="44.240946" lon="-91.960221"><ele>220.0</ele></trkpt>
<trkpt lat="44.240409" lon="-91.959154"><ele>220.5</ele></trkpt>
<trkpt lat="44.239776" lon="-91.957826"><ele>220.8</ele></trkpt>
<trkpt lat="44.239563" lon="-91.957347"><ele>220.9</ele></trkpt>
<trkpt lat="44.238798" lon="-91.955826"><ele>221.2</ele></trkpt>
<trkpt lat="44.238311" lon="-91.954968"><ele>220.2</ele></trkpt>
<trkpt lat="44.237980" lon="-91.954502"><ele>219.3</ele></trkpt>
<trkpt lat="44.237537" lon="-91.953916"><ele>218.0</ele></trkpt>
<trkpt lat="44.237256" lon="-91.953589"><ele>217.1</ele></trkpt>
<trkpt lat="44.236563" lon="-91.952930"><ele>215.0</ele></trkpt>
<trkpt lat="44.236264" lon="-91.952685"><ele>214.1</ele></trkpt>
<trkpt lat="44.234826" lon="-91.951744"><ele>208.8</ele></trkpt>
<trkpt lat="44.234131" lon="-91.951332"><ele>208.4</ele></trkpt>
<trkpt lat="44.233373" lon="-91.950848"><ele>207.8</ele></trkpt>
<trkpt lat="44.232840" lon="-91.950533"><ele>207.8</ele></trkpt>
<trkpt lat="44.232432" lon="-91.950267"><ele>207.7</ele></trkpt>
<trkpt lat="44.231648" lon="-91.949783"><ele>207.3</ele></trkpt>
<trkpt lat="44.231051" lon="-91.949379"><ele>207.0</ele></trkpt>
<trkpt lat="44.229253" lon="-91.948270"><ele>206.6</ele></trkpt>
<trkpt lat="44.228149" lon="-91.947552"><ele>206.9</ele></trkpt>
<trkpt lat="44.227791" lon="-91.947278"><ele>207.0</ele></trkpt>
<trkpt lat="44.227354" lon="-91.946855"><ele>206.8</ele></trkpt>
<trkpt lat="44.227077" lon="-91.946592"><ele>205.5</ele></trkpt>
<trkpt lat="44.226169" lon="-91.945585"><ele>207.9</ele></trkpt>
<trkpt lat="44.225774" lon="-91.945013"><ele>207.8</ele></trkpt>
<trkpt lat="44.225365" lon="-91.944387"><ele>207.4</ele></trkpt>
<trkpt lat="44.225050" lon="-91.943835"><ele>207.3</ele></trkpt>
<trkpt lat="44.224754" lon="-91.943170"><ele>206.9</ele></trkpt>
<trkpt lat="44.224211" lon="-91.941712"><ele>206.5</ele></trkpt>
<trkpt lat="44.222760" lon="-91.937330"><ele>206.9</ele></trkpt>
<trkpt lat="44.222233" lon="-91.935830"><ele>208.9</ele></trkpt>
<trkpt lat="44.222002" lon="-91.935241"><ele>210.2</ele></trkpt>
<trkpt lat="44.221387" lon="-91.933980"><ele>212.1</ele></trkpt>
<trkpt lat="44.221174" lon="-91.933584"><ele>212.2</ele></trkpt>
<trkpt lat="44.220751" lon="-91.932896"><ele>212.3</ele></trkpt>
<trkpt lat="44.220479" lon="-91.932480"><ele>212.4</ele></trkpt>
<trkpt lat="44.220235" lon="-91.932167"><ele>212.4</ele></trkpt>
<trkpt lat="44.219903" lon="-91.931712"><ele>212.3</ele></trkpt>
<trkpt lat="44.219243" lon="-91.930976"><ele>211.5</ele></trkpt>
<trkpt lat="44.218855" lon="-91.930627"><ele>210.8</ele></trkpt>
<trkpt lat="44.218442" lon="-91.930235"><ele>210.0</ele></trkpt>
<trkpt lat="44.217979" lon="-91.929826"><ele>208.9</ele></trkpt>
<trkpt lat="44.217412" lon="-91.929397"><ele>207.6</ele></trkpt>
<trkpt lat="44.216759" lon="-91.928880"><ele>206.1</ele></trkpt>
<trkpt lat="44.216039" lon="-91.928340"><ele>205.8</ele></trkpt>
<trkpt lat="44.215432" lon="-91.927847"><ele>205.9</ele></trkpt>
<trkpt lat="44.214802" lon="-91.927385"><ele>206.0</ele></trkpt>
<trkpt lat="44.213584" lon="-91.926425"><ele>207.0</ele></trkpt>
<trkpt lat="44.213215" lon="-91.926149"><ele>207.0</ele></trkpt>
<trkpt lat="44.212627" lon="-91.925690"><ele>206.5</ele></trkpt>
<trkpt lat="44.211994" lon="-91.925185"><ele>205.7</ele></trkpt>
<trkpt lat="44.211433" lon="-91.924765"><ele>205.2</ele></trkpt>
<trkpt lat="44.210127" lon="-91.923750"><ele>205.2</ele></trkpt>
<trkpt lat="44.209243" lon="-91.923022"><ele>203.1</ele></trkpt>
<trkpt lat="44.208329" lon="-91.922310"><ele>205.3</ele></trkpt>
<trkpt lat="44.208093" lon="-91.922119"><ele>205.5</ele></trkpt>
<trkpt lat="44.207900" lon="-91.921947"><ele>205.4</ele></trkpt>
<trkpt lat="44.207673" lon="-91.921727"><ele>205.4</ele></trkpt>
<trkpt lat="44.207221" lon="-91.921244"><ele>205.1</ele></trkpt>
<trkpt lat="44.206803" lon="-91.920735"><ele>205.0</ele></trkpt>
<trkpt lat="44.206420" lon="-91.920198"><ele>205.0</ele></trkpt>
<trkpt lat="44.206222" lon="-91.919892"><ele>204.9</ele></trkpt>
<trkpt lat="44.206053" lon="-91.919617"><ele>204.9</ele></trkpt>
<trkpt lat="44.205853" lon="-91.919257"><ele>204.9</ele></trkpt>
<trkpt lat="44.205546" lon="-91.918637"><ele>205.1</ele></trkpt>
<trkpt lat="44.205253" lon="-91.917964"><ele>205.7</ele></trkpt>
<trkpt lat="44.204997" lon="-91.917263"><ele>207.0</ele></trkpt>
<trkpt lat="44.204883" lon="-91.916906"><ele>207.5</ele></trkpt>
<trkpt lat="44.204680" lon="-91.916165"><ele>208.2</ele></trkpt>
<trkpt lat="44.204516" lon="-91.915416"><ele>208.8</ele></trkpt>
<trkpt lat="44.203759" lon="-91.911368"><ele>212.0</ele></trkpt>
<trkpt lat="44.203683" lon="-91.911000"><ele>212.2</ele></trkpt>
<trkpt lat="44.202329" lon="-91.905341"><ele>212.0</ele></trkpt>
<trkpt lat="44.202204" lon="-91.904776"><ele>211.8</ele></trkpt>
<trkpt lat="44.202054" lon="-91.904041"><ele>211.2</ele></trkpt>
<trkpt lat="44.201521" lon="-91.901273"><ele>205.6</ele></trkpt>
<trkpt lat="44.201162" lon="-91.899723"><ele>204.9</ele></trkpt>
<trkpt lat="44.201002" lon="-91.899091"><ele>204.9</ele></trkpt>
<trkpt lat="44.200599" lon="-91.897558"><ele>205.3</ele></trkpt>
<trkpt lat="44.200370" lon="-91.896650"><ele>205.6</ele></trkpt>
<trkpt lat="44.200290" lon="-91.896282"><ele>205.7</ele></trkpt>
<trkpt lat="44.200154" lon="-91.895545"><ele>206.3</ele></trkpt>
<trkpt lat="44.200096" lon="-91.895138"><ele>206.6</ele></trkpt>
<trkpt lat="44.200058" lon="-91.894782"><ele>206.7</ele></trkpt>
<trkpt lat="44.200002" lon="-91.894026"><ele>207.1</ele></trkpt>
<trkpt lat="44.199986" lon="-91.893633"><ele>207.3</ele></trkpt>
<trkpt lat="44.199982" lon="-91.893245"><ele>207.4</ele></trkpt>
<trkpt lat="44.200008" lon="-91.892461"><ele>208.0</ele></trkpt>
<trkpt lat="44.200073" lon="-91.891664"><ele>208.2</ele></trkpt>
<trkpt lat="44.200114" lon="-91.891307"><ele>208.3</ele></trkpt>
<trkpt lat="44.200468" lon="-91.889038"><ele>208.2</ele></trkpt>
<trkpt lat="44.200610" lon="-91.887897"><ele>207.8</ele></trkpt>
<trkpt lat="44.200676" lon="-91.887191"><ele>208.2</ele></trkpt>
<trkpt lat="44.200816" lon="-91.885242"><ele>210.2</ele></trkpt>
<trkpt lat="44.200831" lon="-91.884898"><ele>209.8</ele></trkpt>
<trkpt lat="44.200838" lon="-91.884155"><ele>209.3</ele></trkpt>
<trkpt lat="44.200816" lon="-91.883411"><ele>209.8</ele></trkpt>
<trkpt lat="44.200788" lon="-91.882995"><ele>209.9</ele></trkpt>
<trkpt lat="44.200719" lon="-91.882237"><ele>209.7</ele></trkpt>
<trkpt lat="44.200671" lon="-91.881871"><ele>209.4</ele></trkpt>
<trkpt lat="44.200552" lon="-91.881133"><ele>208.9</ele></trkpt>
<trkpt lat="44.200489" lon="-91.880799"><ele>209.1</ele></trkpt>
<trkpt lat="44.200313" lon="-91.880041"><ele>209.4</ele></trkpt>
<trkpt lat="44.200213" lon="-91.879667"><ele>209.4</ele></trkpt>
<trkpt lat="44.200001" lon="-91.878975"><ele>209.3</ele></trkpt>
<trkpt lat="44.199888" lon="-91.878638"><ele>209.2</ele></trkpt>
<trkpt lat="44.199620" lon="-91.877968"><ele>209.7</ele></trkpt>
<trkpt lat="44.199323" lon="-91.877335"><ele>209.9</ele></trkpt>
<trkpt lat="44.198973" lon="-91.876717"><ele>209.8</ele></trkpt>
<trkpt lat="44.198610" lon="-91.876148"><ele>209.1</ele></trkpt>
<trkpt lat="44.198207" lon="-91.875607"><ele>208.2</ele></trkpt>
<trkpt lat="44.198003" lon="-91.875372"><ele>208.1</ele></trkpt>
<trkpt lat="44.197327" lon="-91.874552"><ele>207.8</ele></trkpt>
<trkpt lat="44.194292" lon="-91.870782"><ele>209.5</ele></trkpt>
<trkpt lat="44.193766" lon="-91.870091"><ele>208.4</ele></trkpt>
<trkpt lat="44.192863" lon="-91.868965"><ele>208.5</ele></trkpt>
<trkpt lat="44.192558" lon="-91.868537"><ele>208.9</ele></trkpt>
<trkpt lat="44.192104" lon="-91.867815"><ele>209.7</ele></trkpt>
<trkpt lat="44.191765" lon="-91.867207"><ele>210.1</ele></trkpt>
<trkpt lat="44.191443" lon="-91.866573"><ele>210.5</ele></trkpt>
<trkpt lat="44.191160" lon="-91.865946"><ele>210.8</ele></trkpt>
<trkpt lat="44.191012" lon="-91.865587"><ele>210.8</ele></trkpt>
<trkpt lat="44.190750" lon="-91.864898"><ele>210.9</ele></trkpt>
<trkpt lat="44.190630" lon="-91.864544"><ele>211.0</ele></trkpt>
<trkpt lat="44.190416" lon="-91.863831"><ele>210.7</ele></trkpt>
<trkpt lat="44.190240" lon="-91.863133"><ele>210.3</ele></trkpt>
<trkpt lat="44.190157" lon="-91.862764"><ele>210.1</ele></trkpt>
<trkpt lat="44.190038" lon="-91.862155"><ele>210.0</ele></trkpt>
<trkpt lat="44.189748" lon="-91.860770"><ele>211.9</ele></trkpt>
<trkpt lat="44.189478" lon="-91.859693"><ele>213.7</ele></trkpt>
<trkpt lat="44.189156" lon="-91.858586"><ele>215.4</ele></trkpt>
<trkpt lat="44.188812" lon="-91.857595"><ele>216.5</ele></trkpt>
<trkpt lat="44.188552" lon="-91.856920"><ele>217.1</ele></trkpt>
<trkpt lat="44.188287" lon="-91.856274"><ele>217.4</ele></trkpt>
<trkpt lat="44.187852" lon="-91.855316"><ele>217.5</ele></trkpt>
<trkpt lat="44.187551" lon="-91.854700"><ele>217.4</ele></trkpt>
<trkpt lat="44.187388" lon="-91.854388"><ele>217.5</ele></trkpt>
<trkpt lat="44.186682" lon="-91.853118"><ele>217.3</ele></trkpt>
<trkpt lat="44.184042" lon="-91.849207"><ele>216.3</ele></trkpt>
<trkpt lat="44.182892" lon="-91.847663"><ele>216.1</ele></trkpt>
<trkpt lat="44.180806" lon="-91.845430"><ele>212.6</ele></trkpt>
<trkpt lat="44.178452" lon="-91.843539"><ele>210.2</ele></trkpt>
<trkpt lat="44.175473" lon="-91.841321"><ele>208.7</ele></trkpt>
<trkpt lat="44.174996" lon="-91.840992"><ele>208.1</ele></trkpt>
<trkpt lat="44.174153" lon="-91.840260"><ele>207.4</ele></trkpt>
<trkpt lat="44.173789" lon="-91.839863"><ele>207.6</ele></trkpt>
<trkpt lat="44.172891" lon="-91.838754"><ele>208.6</ele></trkpt>
<trkpt lat="44.172617" lon="-91.838267"><ele>209.4</ele></trkpt>
<trkpt lat="44.170974" lon="-91.834824"><ele>214.8</ele></trkpt>
<trkpt lat="44.170389" lon="-91.833888"><ele>215.3</ele></trkpt>
<trkpt lat="44.168667" lon="-91.831675"><ele>209.7</ele></trkpt>
<trkpt lat="44.168005" lon="-91.830733"><ele>207.0</ele></trkpt>
<trkpt lat="44.167453" lon="-91.829742"><ele>206.4</ele></trkpt>
<trkpt lat="44.164890" lon="-91.824048"><ele>210.4</ele></trkpt>
<trkpt lat="44.163460" lon="-91.821187"><ele>210.8</ele></trkpt>
<trkpt lat="44.161320" lon="-91.816625"><ele>217.1</ele></trkpt>
<trkpt lat="44.160354" lon="-91.814827"><ele>215.4</ele></trkpt>
<trkpt lat="44.159512" lon="-91.813495"><ele>212.9</ele></trkpt>
<trkpt lat="44.159217" lon="-91.813093"><ele>212.6</ele></trkpt>
<trkpt lat="44.158744" lon="-91.812378"><ele>212.4</ele></trkpt>
<trkpt lat="44.157902" lon="-91.811158"><ele>214.2</ele></trkpt>
<trkpt lat="44.156672" lon="-91.809456"><ele>215.0</ele></trkpt>
<trkpt lat="44.155815" lon="-91.808352"><ele>212.4</ele></trkpt>
<trkpt lat="44.155521" lon="-91.808025"><ele>211.4</ele></trkpt>
<trkpt lat="44.155276" lon="-91.807769"><ele>210.6</ele></trkpt>
<trkpt lat="44.153358" lon="-91.805879"><ele>204.9</ele></trkpt>
<trkpt lat="44.152777" lon="-91.805293"><ele>205.9</ele></trkpt>
<trkpt lat="44.152068" lon="-91.804548"><ele>207.3</ele></trkpt>
<trkpt lat="44.150299" lon="-91.802348"><ele>212.5</ele></trkpt>
<trkpt lat="44.148733" lon="-91.800374"><ele>215.8</ele></trkpt>
<trkpt lat="44.145971" lon="-91.796835"><ele>213.0</ele></trkpt>
<trkpt lat="44.144933" lon="-91.795549"><ele>215.1</ele></trkpt>
<trkpt lat="44.143862" lon="-91.794189"><ele>215.4</ele></trkpt>
<trkpt lat="44.142859" lon="-91.792894"><ele>213.5</ele></trkpt>
<trkpt lat="44.141647" lon="-91.791361"><ele>211.2</ele></trkpt>
<trkpt lat="44.140495" lon="-91.789825"><ele>211.8</ele></trkpt>
<trkpt lat="44.139316" lon="-91.788220"><ele>212.8</ele></trkpt>
<trkpt lat="44.138363" lon="-91.787177"><ele>214.5</ele></trkpt>
<trkpt lat="44.137515" lon="-91.786474"><ele>214.6</ele></trkpt>
<trkpt lat="44.136699" lon="-91.785949"><ele>212.8</ele></trkpt>
<trkpt lat="44.135817" lon="-91.785515"><ele>208.6</ele></trkpt>
<trkpt lat="44.134205" lon="-91.784959"><ele>204.0</ele></trkpt>
<trkpt lat="44.133526" lon="-91.784708"><ele>204.9</ele></trkpt>
<trkpt lat="44.132858" lon="-91.784434"><ele>205.8</ele></trkpt>
<trkpt lat="44.132247" lon="-91.784143"><ele>206.2</ele></trkpt>
<trkpt lat="44.131340" lon="-91.783430"><ele>207.1</ele></trkpt>
<trkpt lat="44.130635" lon="-91.782694"><ele>207.5</ele></trkpt>
<trkpt lat="44.129942" lon="-91.781710"><ele>207.7</ele></trkpt>
<trkpt lat="44.128828" lon="-91.779987"><ele>210.3</ele></trkpt>
<trkpt lat="44.128237" lon="-91.779160"><ele>211.7</ele></trkpt>
<trkpt lat="44.127278" lon="-91.778102"><ele>211.5</ele></trkpt>
<trkpt lat="44.126190" lon="-91.777057"><ele>208.0</ele></trkpt>
<trkpt lat="44.125667" lon="-91.776530"><ele>207.5</ele></trkpt>
<trkpt lat="44.125163" lon="-91.775967"><ele>207.1</ele></trkpt>
<trkpt lat="44.124143" lon="-91.774645"><ele>208.3</ele></trkpt>
<trkpt lat="44.122838" lon="-91.772885"><ele>212.1</ele></trkpt>
<trkpt lat="44.121875" lon="-91.771666"><ele>211.9</ele></trkpt>
<trkpt lat="44.120347" lon="-91.769800"><ele>207.7</ele></trkpt>
<trkpt lat="44.119063" lon="-91.768259"><ele>205.4</ele></trkpt>
<trkpt lat="44.118111" lon="-91.767043"><ele>207.2</ele></trkpt>
<trkpt lat="44.116253" lon="-91.764740"><ele>214.9</ele></trkpt>
<trkpt lat="44.115258" lon="-91.763543"><ele>216.0</ele></trkpt>
<trkpt lat="44.114620" lon="-91.762897"><ele>216.4</ele></trkpt>
<trkpt lat="44.112786" lon="-91.761215"><ele>214.9</ele></trkpt>
<trkpt lat="44.111198" lon="-91.759729"><ele>214.6</ele></trkpt>
<trkpt lat="44.110598" lon="-91.759199"><ele>213.9</ele></trkpt>
<trkpt lat="44.109969" lon="-91.758736"><ele>214.1</ele></trkpt>
<trkpt lat="44.109329" lon="-91.758384"><ele>213.3</ele></trkpt>
<trkpt lat="44.107055" lon="-91.757336"><ele>204.4</ele></trkpt>
<trkpt lat="44.101694" lon="-91.754989"><ele>202.8</ele></trkpt>
<trkpt lat="44.101083" lon="-91.754734"><ele>203.1</ele></trkpt>
<trkpt lat="44.100440" lon="-91.754554"><ele>203.5</ele></trkpt>
<trkpt lat="44.099727" lon="-91.754457"><ele>204.1</ele></trkpt>
<trkpt lat="44.098973" lon="-91.754430"><ele>205.0</ele></trkpt>
<trkpt lat="44.098175" lon="-91.754436"><ele>206.3</ele></trkpt>
<trkpt lat="44.095880" lon="-91.754459"><ele>209.2</ele></trkpt>
<trkpt lat="44.094076" lon="-91.754461"><ele>212.0</ele></trkpt>
<trkpt lat="44.093557" lon="-91.754409"><ele>212.9</ele></trkpt>
<trkpt lat="44.093007" lon="-91.754262"><ele>214.0</ele></trkpt>
<trkpt lat="44.092344" lon="-91.753987"><ele>214.8</ele></trkpt>
<trkpt lat="44.091472" lon="-91.753412"><ele>215.7</ele></trkpt>
<trkpt lat="44.091247" lon="-91.753207"><ele>215.1</ele></trkpt>
<trkpt lat="44.090874" lon="-91.752799"><ele>214.0</ele></trkpt>
<trkpt lat="44.090512" lon="-91.752357"><ele>212.9</ele></trkpt>
<trkpt lat="44.090250" lon="-91.751981"><ele>217.0</ele></trkpt>
<trkpt lat="44.089984" lon="-91.751521"><ele>218.8</ele></trkpt>
<trkpt lat="44.089652" lon="-91.750796"><ele>218.4</ele></trkpt>
<trkpt lat="44.089417" lon="-91.750115"><ele>218.0</ele></trkpt>
<trkpt lat="44.088747" lon="-91.747770"><ele>217.2</ele></trkpt>
<trkpt lat="44.088003" lon="-91.745090"><ele>212.6</ele></trkpt>
<trkpt lat="44.087642" lon="-91.744105"><ele>210.2</ele></trkpt>
<trkpt lat="44.087045" lon="-91.742784"><ele>206.5</ele></trkpt>
<trkpt lat="44.086445" lon="-91.741789"><ele>204.4</ele></trkpt>
<trkpt lat="44.085342" lon="-91.740367"><ele>203.7</ele></trkpt>
<trkpt lat="44.083887" lon="-91.738562"><ele>203.0</ele></trkpt>
<trkpt lat="44.083010" lon="-91.737425"><ele>202.9</ele></trkpt>
<trkpt lat="44.081672" lon="-91.735776"><ele>202.9</ele></trkpt>
<trkpt lat="44.081171" lon="-91.735228"><ele>202.7</ele></trkpt>
<trkpt lat="44.080481" lon="-91.734654"><ele>202.5</ele></trkpt>
<trkpt lat="44.078686" lon="-91.733489"><ele>202.7</ele></trkpt>
<trkpt lat="44.078162" lon="-91.733168"><ele>202.4</ele></trkpt>
<trkpt lat="44.077600" lon="-91.732801"><ele>202.5</ele></trkpt>
<trkpt lat="44.076825" lon="-91.732242"><ele>203.0</ele></trkpt>
<trkpt lat="44.076335" lon="-91.731858"><ele>203.1</ele></trkpt>
<trkpt lat="44.075568" lon="-91.731219"><ele>202.9</ele></trkpt>
<trkpt lat="44.074851" lon="-91.730532"><ele>202.4</ele></trkpt>
<trkpt lat="44.073664" lon="-91.729358"><ele>202.1</ele></trkpt>
<trkpt lat="44.071453" lon="-91.727042"><ele>202.4</ele></trkpt>
<trkpt lat="44.071152" lon="-91.726753"><ele>202.6</ele></trkpt>
<trkpt lat="44.070293" lon="-91.725899"><ele>202.6</ele></trkpt>
<trkpt lat="44.069420" lon="-91.724890"><ele>201.8</ele></trkpt>
<trkpt lat="44.068712" lon="-91.723985"><ele>201.7</ele></trkpt>
<trkpt lat="44.068238" lon="-91.723153"><ele>201.6</ele></trkpt>
<trkpt lat="44.067751" lon="-91.722087"><ele>201.7</ele></trkpt>
<trkpt lat="44.067356" lon="-91.721027"><ele>201.1</ele></trkpt>
<trkpt lat="44.067131" lon="-91.720306"><ele>201.3</ele></trkpt>
<trkpt lat="44.066773" lon="-91.719195"><ele>202.0</ele></trkpt>
<trkpt lat="44.066177" lon="-91.717421"><ele>202.2</ele></trkpt>
<trkpt lat="44.065699" lon="-91.716143"><ele>202.4</ele></trkpt>
<trkpt lat="44.064662" lon="-91.713674"><ele>202.2</ele></trkpt>
<trkpt lat="44.064365" lon="-91.712943"><ele>202.5</ele></trkpt>
<trkpt lat="44.062642" lon="-91.708851"><ele>202.8</ele></trkpt>
<trkpt lat="44.061215" lon="-91.705588"><ele>202.3</ele></trkpt>
<trkpt lat="44.060135" lon="-91.703028"><ele>204.0</ele></trkpt>
<trkpt lat="44.059823" lon="-91.702324"><ele>203.8</ele></trkpt>
<trkpt lat="44.059244" lon="-91.700973"><ele>203.7</ele></trkpt>
<trkpt lat="44.055898" lon="-91.693116"><ele>201.6</ele></trkpt>
<trkpt lat="44.055585" lon="-91.692366"><ele>201.2</ele></trkpt>
<trkpt lat="44.055410" lon="-91.691948"><ele>201.3</ele></trkpt>
<trkpt lat="44.054786" lon="-91.690554"><ele>200.9</ele></trkpt>
<trkpt lat="44.054466" lon="-91.689872"><ele>201.5</ele></trkpt>
<trkpt lat="44.054337" lon="-91.689614"><ele>201.5</ele></trkpt>
<trkpt lat="44.053645" lon="-91.688095"><ele>201.0</ele></trkpt>
<trkpt lat="44.053333" lon="-91.687417"><ele>201.0</ele></trkpt>
<trkpt lat="44.049772" lon="-91.680373"><ele>201.0</ele></trkpt>
<trkpt lat="44.049624" lon="-91.680080"><ele>201.0</ele></trkpt>
<trkpt lat="44.048609" lon="-91.678066"><ele>201.0</ele></trkpt>
<trkpt lat="44.047976" lon="-91.676831"><ele>201.0</ele></trkpt>
<trkpt lat="44.047914" lon="-91.676678"><ele>201.0</ele></trkpt>
<trkpt lat="44.046501" lon="-91.673893"><ele>200.8</ele></trkpt>
<trkpt lat="44.045800" lon="-91.672472"><ele>200.3</ele></trkpt>
<trkpt lat="44.045626" lon="-91.672104"><ele>200.2</ele></trkpt>
<trkpt lat="44.045454" lon="-91.671703"><ele>200.2</ele></trkpt>
<trkpt lat="44.045301" lon="-91.671310"><ele>200.1</ele></trkpt>
<trkpt lat="44.045012" lon="-91.670478"><ele>200.0</ele></trkpt>
<trkpt lat="44.044357" lon="-91.668348"><ele>200.0</ele></trkpt>
<trkpt lat="44.043560" lon="-91.665784"><ele>200.3</ele></trkpt>
<trkpt lat="44.043366" lon="-91.665178"><ele>200.3</ele></trkpt>
<trkpt lat="44.043169" lon="-91.664606"><ele>200.1</ele></trkpt>
<trkpt lat="44.042894" lon="-91.663932"><ele>199.6</ele></trkpt>
<trkpt lat="44.038468" lon="-91.654037"><ele>200.1</ele></trkpt>
<trkpt lat="44.037960" lon="-91.652862"><ele>200.3</ele></trkpt>
<trkpt lat="44.037632" lon="-91.652003"><ele>201.1</ele></trkpt>
<trkpt lat="44.037538" lon="-91.651731"><ele>201.2</ele></trkpt>
<trkpt lat="44.037404" lon="-91.651298"><ele>201.3</ele></trkpt>
<trkpt lat="44.037082" lon="-91.650141"><ele>201.5</ele></trkpt>
<trkpt lat="44.036437" lon="-91.647712"><ele>201.1</ele></trkpt>
<trkpt lat="44.036033" lon="-91.646105"><ele>201.0</ele></trkpt>
<trkpt lat="44.035817" lon="-91.645180"><ele>200.9</ele></trkpt>
<trkpt lat="44.035464" lon="-91.643409"><ele>200.3</ele></trkpt>
<trkpt lat="44.035003" lon="-91.640709"><ele>201.0</ele></trkpt>
<trkpt lat="44.034536" lon="-91.637886"><ele>201.1</ele></trkpt>
<trkpt lat="44.034449" lon="-91.637434"><ele>201.1</ele></trkpt>
<trkpt lat="44.034220" lon="-91.636413"><ele>201.3</ele></trkpt>
<trkpt lat="44.034112" lon="-91.635975"><ele>201.3</ele></trkpt>
<trkpt lat="44.033982" lon="-91.635493"><ele>201.5</ele></trkpt>
<trkpt lat="44.033684" lon="-91.634498"><ele>201.8</ele></trkpt>
<trkpt lat="44.033365" lon="-91.633540"><ele>202.6</ele></trkpt>
<trkpt lat="44.033274" lon="-91.633292"><ele>202.8</ele></trkpt>
<trkpt lat="44.033142" lon="-91.632947"><ele>202.9</ele></trkpt>
<trkpt lat="44.032736" lon="-91.631950"><ele>202.5</ele></trkpt>
<trkpt lat="44.031842" lon="-91.629794"><ele>202.2</ele></trkpt>
<trkpt lat="44.031274" lon="-91.628293"><ele>202.0</ele></trkpt>
<trkpt lat="44.031074" lon="-91.627711"><ele>202.1</ele></trkpt>
<trkpt lat="44.030888" lon="-91.627137"><ele>202.0</ele></trkpt>
<trkpt lat="44.030262" lon="-91.624976"><ele>201.8</ele></trkpt>
<trkpt lat="44.030089" lon="-91.624503"><ele>201.8</ele></trkpt>
<trkpt lat="44.029864" lon="-91.623917"><ele>201.5</ele></trkpt>
<trkpt lat="44.029782" lon="-91.623667"><ele>201.4</ele></trkpt>
<trkpt lat="44.029732" lon="-91.623477"><ele>201.2</ele></trkpt>
<trkpt lat="44.029681" lon="-91.623219"><ele>201.2</ele></trkpt>
<trkpt lat="44.029654" lon="-91.623024"><ele>201.3</ele></trkpt>
<trkpt lat="44.029635" lon="-91.622762"><ele>201.2</ele></trkpt>
<trkpt lat="44.029622" lon="-91.622677"><ele>201.1</ele></trkpt>
<trkpt lat="44.029594" lon="-91.622571"><ele>201.0</ele></trkpt>
<trkpt lat="44.029543" lon="-91.622436"><ele>201.0</ele></trkpt>
<trkpt lat="44.029505" lon="-91.622421"><ele>201.0</ele></trkpt>
<trkpt lat="44.029439" lon="-91.622364"><ele>201.0</ele></trkpt>
<trkpt lat="44.029392" lon="-91.622282"><ele>201.0</ele></trkpt>
<trkpt lat="44.029374" lon="-91.622233"><ele>201.0</ele></trkpt>
<trkpt lat="44.029366" lon="-91.622175"><ele>201.0</ele></trkpt>
<trkpt lat="44.029379" lon="-91.621991"><ele>201.0</ele></trkpt>
<trkpt lat="44.029403" lon="-91.621957"><ele>201.0</ele></trkpt>
<trkpt lat="44.029409" lon="-91.621655"><ele>201.0</ele></trkpt>
<trkpt lat="44.029393" lon="-91.621533"><ele>201.0</ele></trkpt>
<trkpt lat="44.029344" lon="-91.621293"><ele>201.0</ele></trkpt>
<trkpt lat="44.029297" lon="-91.621136"><ele>201.0</ele></trkpt>
<trkpt lat="44.029241" lon="-91.620982"><ele>201.1</ele></trkpt>
<trkpt lat="44.028938" lon="-91.620255"><ele>201.7</ele></trkpt>
<trkpt lat="44.028827" lon="-91.619943"><ele>201.9</ele></trkpt>
<trkpt lat="44.028629" lon="-91.619241"><ele>202.3</ele></trkpt>
<trkpt lat="44.028543" lon="-91.618938"><ele>202.8</ele></trkpt>
<trkpt lat="44.028236" lon="-91.617839"><ele>203.8</ele></trkpt>
<trkpt lat="44.027955" lon="-91.616740"><ele>203.2</ele></trkpt>
<trkpt lat="44.027820" lon="-91.616140"><ele>202.0</ele></trkpt>
<trkpt lat="44.027548" lon="-91.614764"><ele>203.0</ele></trkpt>
<trkpt lat="44.027361" lon="-91.613639"><ele>202.6</ele></trkpt>
<trkpt lat="44.027175" lon="-91.612150"><ele>201.6</ele></trkpt>
<trkpt lat="44.026579" lon="-91.606804"><ele>201.0</ele></trkpt>
<trkpt lat="44.024610" lon="-91.589035"><ele>199.6</ele></trkpt>
<trkpt lat="44.024536" lon="-91.588379"><ele>198.6</ele></trkpt>
<trkpt lat="44.024396" lon="-91.587094"><ele>201.5</ele></trkpt>
<trkpt lat="44.024344" lon="-91.586512"><ele>201.9</ele></trkpt>
<trkpt lat="44.024321" lon="-91.585893"><ele>201.9</ele></trkpt>
<trkpt lat="44.024317" lon="-91.585514"><ele>201.9</ele></trkpt>
<trkpt lat="44.024337" lon="-91.584756"><ele>201.8</ele></trkpt>
<trkpt lat="44.024359" lon="-91.584387"><ele>201.8</ele></trkpt>
<trkpt lat="44.024394" lon="-91.584014"><ele>201.8</ele></trkpt>
<trkpt lat="44.024477" lon="-91.583317"><ele>201.8</ele></trkpt>
<trkpt lat="44.024876" lon="-91.580891"><ele>203.5</ele></trkpt>
<trkpt lat="44.024918" lon="-91.580577"><ele>203.8</ele></trkpt>
<trkpt lat="44.024963" lon="-91.580129"><ele>204.1</ele></trkpt>
<trkpt lat="44.025019" lon="-91.579404"><ele>204.3</ele></trkpt>
<trkpt lat="44.025039" lon="-91.579013"><ele>204.3</ele></trkpt>
<trkpt lat="44.025152" lon="-91.574322"><ele>207.0</ele></trkpt>
<trkpt lat="44.025152" lon="-91.573176"><ele>207.2</ele></trkpt>
<trkpt lat="44.025122" lon="-91.572037"><ele>207.9</ele></trkpt>
<trkpt lat="44.025052" lon="-91.570745"><ele>208.5</ele></trkpt>
<trkpt lat="44.024963" lon="-91.569638"><ele>208.2</ele></trkpt>
<trkpt lat="44.024833" lon="-91.568532"><ele>207.4</ele></trkpt>
<trkpt lat="44.024782" lon="-91.568151"><ele>207.2</ele></trkpt>
<trkpt lat="44.024664" lon="-91.567406"><ele>206.9</ele></trkpt>
<trkpt lat="44.024533" lon="-91.566702"><ele>206.4</ele></trkpt>
<trkpt lat="44.024293" lon="-91.565613"><ele>205.8</ele></trkpt>
<trkpt lat="44.024208" lon="-91.565268"><ele>205.5</ele></trkpt>
<trkpt lat="44.024058" lon="-91.564724"><ele>205.2</ele></trkpt>
<trkpt lat="44.023448" lon="-91.562649"><ele>204.5</ele></trkpt>
<trkpt lat="44.022680" lon="-91.559762"><ele>204.4</ele></trkpt>
<trkpt lat="44.022368" lon="-91.558440"><ele>204.5</ele></trkpt>
<trkpt lat="44.021615" lon="-91.555588"><ele>203.7</ele></trkpt>
<trkpt lat="44.020961" lon="-91.553353"><ele>202.3</ele></trkpt>
<trkpt lat="44.020774" lon="-91.552597"><ele>202.0</ele></trkpt>
<trkpt lat="44.020651" lon="-91.551975"><ele>202.0</ele></trkpt>
<trkpt lat="44.020552" lon="-91.551325"><ele>202.1</ele></trkpt>
<trkpt lat="44.020476" lon="-91.550575"><ele>202.4</ele></trkpt>
<trkpt lat="44.020401" lon="-91.549304"><ele>203.0</ele></trkpt>
<trkpt lat="44.020181" lon="-91.546079"><ele>206.1</ele></trkpt>
<trkpt lat="44.020068" lon="-91.544948"><ele>205.9</ele></trkpt>
<trkpt lat="44.019966" lon="-91.544190"><ele>205.0</ele></trkpt>
<trkpt lat="44.019543" lon="-91.541282"><ele>203.0</ele></trkpt>
<trkpt lat="44.019458" lon="-91.540621"><ele>202.6</ele></trkpt>
<trkpt lat="44.019422" lon="-91.540287"><ele>202.5</ele></trkpt>
<trkpt lat="44.019361" lon="-91.539489"><ele>202.7</ele></trkpt>
<trkpt lat="44.019336" lon="-91.538720"><ele>203.1</ele></trkpt>
<trkpt lat="44.019333" lon="-91.537980"><ele>203.5</ele></trkpt>
<trkpt lat="44.019539" lon="-91.533027"><ele>207.8</ele></trkpt>
<trkpt lat="44.019543" lon="-91.532325"><ele>208.3</ele></trkpt>
<trkpt lat="44.019532" lon="-91.531905"><ele>208.5</ele></trkpt>
<trkpt lat="44.019493" lon="-91.531182"><ele>208.2</ele></trkpt>
<trkpt lat="44.019421" lon="-91.530486"><ele>207.6</ele></trkpt>
<trkpt lat="44.019371" lon="-91.530113"><ele>207.2</ele></trkpt>
<trkpt lat="44.019240" lon="-91.529364"><ele>206.6</ele></trkpt>
<trkpt lat="44.019128" lon="-91.528840"><ele>205.8</ele></trkpt>
<trkpt lat="44.018917" lon="-91.528005"><ele>205.0</ele></trkpt>
<trkpt lat="44.018538" lon="-91.526788"><ele>204.8</ele></trkpt>
<trkpt lat="44.017365" lon="-91.523148"><ele>204.5</ele></trkpt>
<trkpt lat="44.015473" lon="-91.517199"><ele>201.2</ele></trkpt>
<trkpt lat="44.014517" lon="-91.514223"><ele>208.9</ele></trkpt>
<trkpt lat="44.014403" lon="-91.513901"><ele>209.8</ele></trkpt>
<trkpt lat="44.014271" lon="-91.513559"><ele>210.7</ele></trkpt>
<trkpt lat="44.013984" lon="-91.512876"><ele>212.7</ele></trkpt>
<trkpt lat="44.012958" lon="-91.510664"><ele>217.0</ele></trkpt>
<trkpt lat="44.012794" lon="-91.510341"><ele>217.0</ele></trkpt>
<trkpt lat="44.012609" lon="-91.510000"><ele>217.1</ele></trkpt>
<trkpt lat="44.012291" lon="-91.509520"><ele>216.9</ele></trkpt>
<trkpt lat="44.011681" lon="-91.508718"><ele>214.7</ele></trkpt>
<trkpt lat="44.011486" lon="-91.508447"><ele>213.7</ele></trkpt>
<trkpt lat="44.011205" lon="-91.508014"><ele>212.1</ele></trkpt>
<trkpt lat="44.010954" lon="-91.507567"><ele>210.9</ele></trkpt>
<trkpt lat="44.010797" lon="-91.507240"><ele>210.5</ele></trkpt>
<trkpt lat="44.010653" lon="-91.506916"><ele>210.2</ele></trkpt>
<trkpt lat="44.009563" lon="-91.504268"><ele>213.5</ele></trkpt>
<trkpt lat="44.009293" lon="-91.503574"><ele>214.1</ele></trkpt>
<trkpt lat="44.009050" lon="-91.502896"><ele>214.2</ele></trkpt>
<trkpt lat="44.008936" lon="-91.502550"><ele>214.1</ele></trkpt>
<trkpt lat="44.008178" lon="-91.500091"><ele>209.6</ele></trkpt>
<trkpt lat="44.007858" lon="-91.499075"><ele>206.9</ele></trkpt>
<trkpt lat="44.007196" lon="-91.497185"><ele>202.8</ele></trkpt>
<trkpt lat="44.006881" lon="-91.496238"><ele>199.5</ele></trkpt>
<trkpt lat="44.006737" lon="-91.495711"><ele>199.8</ele></trkpt>
<trkpt lat="44.006583" lon="-91.495081"><ele>201.4</ele></trkpt>
<trkpt lat="44.006498" lon="-91.494659"><ele>201.6</ele></trkpt>
<trkpt lat="44.006386" lon="-91.493928"><ele>201.6</ele></trkpt>
<trkpt lat="44.006321" lon="-91.493365"><ele>201.4</ele></trkpt>
<trkpt lat="44.006293" lon="-91.492971"><ele>201.6</ele></trkpt>
<trkpt lat="44.006262" lon="-91.492248"><ele>201.7</ele></trkpt>
<trkpt lat="44.006261" lon="-91.491839"><ele>201.7</ele></trkpt>
<trkpt lat="44.006269" lon="-91.491439"><ele>201.7</ele></trkpt>
<trkpt lat="44.006312" lon="-91.490644"><ele>201.5</ele></trkpt>
<trkpt lat="44.006597" lon="-91.487132"><ele>203.0</ele></trkpt>
<trkpt lat="44.006726" lon="-91.485428"><ele>204.3</ele></trkpt>
<trkpt lat="44.006761" lon="-91.484881"><ele>204.4</ele></trkpt>
<trkpt lat="44.006777" lon="-91.484382"><ele>204.7</ele></trkpt>
<trkpt lat="44.006763" lon="-91.483658"><ele>205.4</ele></trkpt>
<trkpt lat="44.006747" lon="-91.483319"><ele>205.9</ele></trkpt>
<trkpt lat="44.006704" lon="-91.482677"><ele>207.0</ele></trkpt>
<trkpt lat="44.006626" lon="-91.481938"><ele>207.8</ele></trkpt>
<trkpt lat="44.006555" lon="-91.481526"><ele>208.2</ele></trkpt>
<trkpt lat="44.006479" lon="-91.481166"><ele>208.3</ele></trkpt>
<trkpt lat="44.006399" lon="-91.480851"><ele>208.5</ele></trkpt>
<trkpt lat="44.006278" lon="-91.480444"><ele>209.4</ele></trkpt>
<trkpt lat="44.006137" lon="-91.480023"><ele>210.3</ele></trkpt>
<trkpt lat="44.005361" lon="-91.477913"><ele>214.0</ele></trkpt>
<trkpt lat="44.005253" lon="-91.477642"><ele>214.1</ele></trkpt>
<trkpt lat="44.004983" lon="-91.477064"><ele>214.1</ele></trkpt>
<trkpt lat="44.004829" lon="-91.476781"><ele>214.1</ele></trkpt>
<trkpt lat="44.004639" lon="-91.476459"><ele>213.7</ele></trkpt>
<trkpt lat="44.004463" lon="-91.476216"><ele>213.2</ele></trkpt>
<trkpt lat="44.003561" lon="-91.475076"><ele>210.3</ele></trkpt>
<trkpt lat="44.003253" lon="-91.474652"><ele>209.4</ele></trkpt>
<trkpt lat="44.003064" lon="-91.474372"><ele>209.0</ele></trkpt>
<trkpt lat="44.002892" lon="-91.474090"><ele>208.6</ele></trkpt>
<trkpt lat="44.002557" lon="-91.473490"><ele>207.9</ele></trkpt>
<trkpt lat="44.002399" lon="-91.473175"><ele>207.8</ele></trkpt>
<trkpt lat="44.002250" lon="-91.472849"><ele>207.6</ele></trkpt>
<trkpt lat="44.001409" lon="-91.470818"><ele>206.1</ele></trkpt>
<trkpt lat="44.001114" lon="-91.470152"><ele>205.4</ele></trkpt>
<trkpt lat="44.000824" lon="-91.469541"><ele>204.4</ele></trkpt>
<trkpt lat="44.000513" lon="-91.468937"><ele>203.4</ele></trkpt>
<trkpt lat="43.998701" lon="-91.465645"><ele>199.5</ele></trkpt>
<trkpt lat="43.998340" lon="-91.464956"><ele>199.3</ele></trkpt>
<trkpt lat="43.997976" lon="-91.464214"><ele>199.1</ele></trkpt>
<trkpt lat="43.996427" lon="-91.460862"><ele>198.1</ele></trkpt>
<trkpt lat="43.996288" lon="-91.460540"><ele>197.4</ele></trkpt>
<trkpt lat="43.995815" lon="-91.459499"><ele>200.0</ele></trkpt>
<trkpt lat="43.995651" lon="-91.459111"><ele>200.2</ele></trkpt>
<trkpt lat="43.995375" lon="-91.458381"><ele>200.8</ele></trkpt>
<trkpt lat="43.995247" lon="-91.457977"><ele>200.9</ele></trkpt>
<trkpt lat="43.993763" lon="-91.452582"><ele>203.9</ele></trkpt>
<trkpt lat="43.993543" lon="-91.451833"><ele>204.3</ele></trkpt>
<trkpt lat="43.993434" lon="-91.451504"><ele>204.2</ele></trkpt>
<trkpt lat="43.993303" lon="-91.451145"><ele>204.2</ele></trkpt>
<trkpt lat="43.993047" lon="-91.450516"><ele>203.5</ele></trkpt>
<trkpt lat="43.992897" lon="-91.450191"><ele>203.1</ele></trkpt>
<trkpt lat="43.991358" lon="-91.447341"><ele>200.7</ele></trkpt>
<trkpt lat="43.990768" lon="-91.446211"><ele>200.0</ele></trkpt>
<trkpt lat="43.990588" lon="-91.445846"><ele>199.9</ele></trkpt>
<trkpt lat="43.990409" lon="-91.445438"><ele>199.9</ele></trkpt>
<trkpt lat="43.990173" lon="-91.444817"><ele>200.1</ele></trkpt>
<trkpt lat="43.990053" lon="-91.444420"><ele>200.3</ele></trkpt>
<trkpt lat="43.989735" lon="-91.443199"><ele>200.8</ele></trkpt>
<trkpt lat="43.988707" lon="-91.439114"><ele>203.8</ele></trkpt>
<trkpt lat="43.988506" lon="-91.438362"><ele>204.3</ele></trkpt>
<trkpt lat="43.988388" lon="-91.437965"><ele>204.4</ele></trkpt>
<trkpt lat="43.988275" lon="-91.437630"><ele>204.6</ele></trkpt>
<trkpt lat="43.988008" lon="-91.436935"><ele>205.0</ele></trkpt>
<trkpt lat="43.987871" lon="-91.436620"><ele>205.2</ele></trkpt>
<trkpt lat="43.987569" lon="-91.436010"><ele>205.4</ele></trkpt>
<trkpt lat="43.987231" lon="-91.435413"><ele>205.5</ele></trkpt>
<trkpt lat="43.987042" lon="-91.435115"><ele>205.5</ele></trkpt>
<trkpt lat="43.986863" lon="-91.434852"><ele>205.7</ele></trkpt>
<trkpt lat="43.986464" lon="-91.434319"><ele>206.2</ele></trkpt>
<trkpt lat="43.986066" lon="-91.433860"><ele>206.6</ele></trkpt>
<trkpt lat="43.985632" lon="-91.433438"><ele>206.8</ele></trkpt>
<trkpt lat="43.985389" lon="-91.433221"><ele>206.8</ele></trkpt>
<trkpt lat="43.984941" lon="-91.432861"><ele>206.4</ele></trkpt>
<trkpt lat="43.984683" lon="-91.432683"><ele>206.2</ele></trkpt>
<trkpt lat="43.984177" lon="-91.432374"><ele>206.2</ele></trkpt>
<trkpt lat="43.983140" lon="-91.431813"><ele>210.3</ele></trkpt>
<trkpt lat="43.980470" lon="-91.430398"><ele>210.1</ele></trkpt>
<trkpt lat="43.978181" lon="-91.429068"><ele>205.5</ele></trkpt>
<trkpt lat="43.976988" lon="-91.428357"><ele>207.5</ele></trkpt>
<trkpt lat="43.974916" lon="-91.427149"><ele>208.2</ele></trkpt>
<trkpt lat="43.974381" lon="-91.426790"><ele>207.4</ele></trkpt>
<trkpt lat="43.973803" lon="-91.426351"><ele>206.8</ele></trkpt>
<trkpt lat="43.973342" lon="-91.425925"><ele>206.4</ele></trkpt>
<trkpt lat="43.972932" lon="-91.425499"><ele>206.0</ele></trkpt>
<trkpt lat="43.972447" lon="-91.424950"><ele>205.6</ele></trkpt>
<trkpt lat="43.970162" lon="-91.422306"><ele>204.9</ele></trkpt>
<trkpt lat="43.969067" lon="-91.421083"><ele>204.6</ele></trkpt>
<trkpt lat="43.967997" lon="-91.419847"><ele>201.3</ele></trkpt>
<trkpt lat="43.967721" lon="-91.419504"><ele>200.4</ele></trkpt>
<trkpt lat="43.967331" lon="-91.418946"><ele>200.4</ele></trkpt>
<trkpt lat="43.966972" lon="-91.418373"><ele>200.7</ele></trkpt>
<trkpt lat="43.966560" lon="-91.417643"><ele>201.0</ele></trkpt>
<trkpt lat="43.966326" lon="-91.417147"><ele>201.2</ele></trkpt>
<trkpt lat="43.966161" lon="-91.416760"><ele>201.9</ele></trkpt>
<trkpt lat="43.964778" lon="-91.413296"><ele>205.4</ele></trkpt>
<trkpt lat="43.964519" lon="-91.412670"><ele>206.1</ele></trkpt>
<trkpt lat="43.964217" lon="-91.412012"><ele>206.4</ele></trkpt>
<trkpt lat="43.963904" lon="-91.411379"><ele>206.5</ele></trkpt>
<trkpt lat="43.962701" lon="-91.409100"><ele>205.0</ele></trkpt>
<trkpt lat="43.962544" lon="-91.408790"><ele>204.7</ele></trkpt>
<trkpt lat="43.962241" lon="-91.408128"><ele>204.0</ele></trkpt>
<trkpt lat="43.961972" lon="-91.407489"><ele>203.3</ele></trkpt>
<trkpt lat="43.961839" lon="-91.407150"><ele>203.1</ele></trkpt>
<trkpt lat="43.960798" lon="-91.404282"><ele>202.6</ele></trkpt>
<trkpt lat="43.959599" lon="-91.401034"><ele>206.5</ele></trkpt>
<trkpt lat="43.959457" lon="-91.400666"><ele>206.9</ele></trkpt>
<trkpt lat="43.959212" lon="-91.400073"><ele>207.8</ele></trkpt>
<trkpt lat="43.958902" lon="-91.399414"><ele>209.0</ele></trkpt>
<trkpt lat="43.958403" lon="-91.398506"><ele>210.0</ele></trkpt>
<trkpt lat="43.958074" lon="-91.397984"><ele>210.3</ele></trkpt>
<trkpt lat="43.957676" lon="-91.397402"><ele>210.1</ele></trkpt>
<trkpt lat="43.957068" lon="-91.396627"><ele>209.5</ele></trkpt>
<trkpt lat="43.955553" lon="-91.394850"><ele>206.9</ele></trkpt>
<trkpt lat="43.953281" lon="-91.392223"><ele>207.9</ele></trkpt>
<trkpt lat="43.953085" lon="-91.391999"><ele>207.8</ele></trkpt>
<trkpt lat="43.952559" lon="-91.391447"><ele>208.3</ele></trkpt>
<trkpt lat="43.952252" lon="-91.391139"><ele>208.6</ele></trkpt>
<trkpt lat="43.951764" lon="-91.390677"><ele>208.9</ele></trkpt>
<trkpt lat="43.948834" lon="-91.387946"><ele>210.4</ele></trkpt>
<trkpt lat="43.946297" lon="-91.385632"><ele>211.1</ele></trkpt>
<trkpt lat="43.945429" lon="-91.384782"><ele>209.8</ele></trkpt>
<trkpt lat="43.945216" lon="-91.384555"><ele>209.7</ele></trkpt>
<trkpt lat="43.944689" lon="-91.383969"><ele>209.5</ele></trkpt>
<trkpt lat="43.944505" lon="-91.383749"><ele>209.4</ele></trkpt>
<trkpt lat="43.943889" lon="-91.382967"><ele>208.9</ele></trkpt>
<trkpt lat="43.943588" lon="-91.382551"><ele>208.3</ele></trkpt>
<trkpt lat="43.942219" lon="-91.380555"><ele>210.3</ele></trkpt>
<trkpt lat="43.941665" lon="-91.379773"><ele>211.2</ele></trkpt>
<trkpt lat="43.941054" lon="-91.378990"><ele>212.6</ele></trkpt>
<trkpt lat="43.939537" lon="-91.377080"><ele>214.8</ele></trkpt>
<trkpt lat="43.939216" lon="-91.376708"><ele>215.4</ele></trkpt>
<trkpt lat="43.938536" lon="-91.376009"><ele>216.5</ele></trkpt>
<trkpt lat="43.937446" lon="-91.374951"><ele>215.9</ele></trkpt>
<trkpt lat="43.935388" lon="-91.372893"><ele>215.6</ele></trkpt>
<trkpt lat="43.934623" lon="-91.372139"><ele>215.5</ele></trkpt>
<trkpt lat="43.933765" lon="-91.371383"><ele>216.1</ele></trkpt>
<trkpt lat="43.931576" lon="-91.369556"><ele>215.3</ele></trkpt>
<trkpt lat="43.929479" lon="-91.367841"><ele>220.6</ele></trkpt>
<trkpt lat="43.927548" lon="-91.366500"><ele>219.3</ele></trkpt>
<trkpt lat="43.925191" lon="-91.365019"><ele>214.7</ele></trkpt>
<trkpt lat="43.923737" lon="-91.364231"><ele>212.4</ele></trkpt>
<trkpt lat="43.921724" lon="-91.363413"><ele>207.9</ele></trkpt>
<trkpt lat="43.921077" lon="-91.363265"><ele>206.7</ele></trkpt>
<trkpt lat="43.920730" lon="-91.363260"><ele>206.7</ele></trkpt>
<trkpt lat="43.920187" lon="-91.363359"><ele>207.3</ele></trkpt>
<trkpt lat="43.920047" lon="-91.363413"><ele>207.7</ele></trkpt>
<trkpt lat="43.919910" lon="-91.363490"><ele>208.0</ele></trkpt>
<trkpt lat="43.919769" lon="-91.363616"><ele>208.4</ele></trkpt>
<trkpt lat="43.919647" lon="-91.363773"><ele>208.8</ele></trkpt>
<trkpt lat="43.919484" lon="-91.364031"><ele>210.1</ele></trkpt>
<trkpt lat="43.919379" lon="-91.363603"><ele>205.3</ele></trkpt>
<trkpt lat="43.919186" lon="-91.362777"><ele>206.6</ele></trkpt>
<trkpt lat="43.919124" lon="-91.362391"><ele>206.6</ele></trkpt>
<trkpt lat="43.919140" lon="-91.362026"><ele>206.2</ele></trkpt>
<trkpt lat="43.919172" lon="-91.361838"><ele>206.2</ele></trkpt>
<trkpt lat="43.918558" lon="-91.361541"><ele>203.8</ele></trkpt>
<trkpt lat="43.917852" lon="-91.361218"><ele>201.0</ele></trkpt>
<trkpt lat="43.916798" lon="-91.360737"><ele>196.8</ele></trkpt>
<trkpt lat="43.916550" lon="-91.360632"><ele>197.3</ele></trkpt>
<trkpt lat="43.916151" lon="-91.360461"><ele>199.8</ele></trkpt>
<trkpt lat="43.915817" lon="-91.360293"><ele>201.1</ele></trkpt>
<trkpt lat="43.914924" lon="-91.359895"><ele>203.2</ele></trkpt>
<trkpt lat="43.914230" lon="-91.359537"><ele>204.7</ele></trkpt>
<trkpt lat="43.913507" lon="-91.359124"><ele>205.0</ele></trkpt>
<trkpt lat="43.912129" lon="-91.358304"><ele>204.6</ele></trkpt>
<trkpt lat="43.910522" lon="-91.357315"><ele>207.6</ele></trkpt>
<trkpt lat="43.910217" lon="-91.357115"><ele>207.2</ele></trkpt>
<trkpt lat="43.909992" lon="-91.356907"><ele>206.7</ele></trkpt>
<trkpt lat="43.909746" lon="-91.356648"><ele>205.9</ele></trkpt>
<trkpt lat="43.909502" lon="-91.356294"><ele>204.9</ele></trkpt>
<trkpt lat="43.909327" lon="-91.355978"><ele>203.4</ele></trkpt>
<trkpt lat="43.908937" lon="-91.355130"><ele>203.0</ele></trkpt>
<trkpt lat="43.908420" lon="-91.354060"><ele>203.1</ele></trkpt>
<trkpt lat="43.908261" lon="-91.353757"><ele>203.2</ele></trkpt>
<trkpt lat="43.908096" lon="-91.353459"><ele>203.3</ele></trkpt>
<trkpt lat="43.907923" lon="-91.353170"><ele>203.5</ele></trkpt>
<trkpt lat="43.907616" lon="-91.352706"><ele>203.5</ele></trkpt>
<trkpt lat="43.907172" lon="-91.352067"><ele>204.1</ele></trkpt>
<trkpt lat="43.904647" lon="-91.348443"><ele>213.4</ele></trkpt>
<trkpt lat="43.904284" lon="-91.347906"><ele>213.6</ele></trkpt>
<trkpt lat="43.903994" lon="-91.347508"><ele>213.1</ele></trkpt>
<trkpt lat="43.903829" lon="-91.347291"><ele>212.9</ele></trkpt>
<trkpt lat="43.903659" lon="-91.347093"><ele>212.7</ele></trkpt>
<trkpt lat="43.903135" lon="-91.346545"><ele>211.6</ele></trkpt>
<trkpt lat="43.902907" lon="-91.346328"><ele>211.2</ele></trkpt>
<trkpt lat="43.902400" lon="-91.345923"><ele>210.3</ele></trkpt>
<trkpt lat="43.901885" lon="-91.345576"><ele>209.9</ele></trkpt>
<trkpt lat="43.901477" lon="-91.345338"><ele>209.8</ele></trkpt>
<trkpt lat="43.901163" lon="-91.345177"><ele>209.8</ele></trkpt>
<trkpt lat="43.900825" lon="-91.345034"><ele>209.6</ele></trkpt>
<trkpt lat="43.900474" lon="-91.344901"><ele>209.2</ele></trkpt>
<trkpt lat="43.897305" lon="-91.343840"><ele>204.9</ele></trkpt>
<trkpt lat="43.894619" lon="-91.342968"><ele>207.7</ele></trkpt>
<trkpt lat="43.892981" lon="-91.342448"><ele>207.7</ele></trkpt>
<trkpt lat="43.891012" lon="-91.341807"><ele>209.7</ele></trkpt>
<trkpt lat="43.890994" lon="-91.341632"><ele>208.9</ele></trkpt>
<trkpt lat="43.890961" lon="-91.341481"><ele>208.5</ele></trkpt>
<trkpt lat="43.890915" lon="-91.341349"><ele>208.4</ele></trkpt>
<trkpt lat="43.890845" lon="-91.341197"><ele>208.2</ele></trkpt>
<trkpt lat="43.890438" lon="-91.340511"><ele>207.2</ele></trkpt>
<trkpt lat="43.890341" lon="-91.340381"><ele>207.0</ele></trkpt>
<trkpt lat="43.890169" lon="-91.340213"><ele>206.7</ele></trkpt>
<trkpt lat="43.888285" lon="-91.338642"><ele>204.0</ele></trkpt>
<trkpt lat="43.887894" lon="-91.338347"><ele>203.1</ele></trkpt>
<trkpt lat="43.887507" lon="-91.338088"><ele>202.8</ele></trkpt>
<trkpt lat="43.887279" lon="-91.337921"><ele>202.7</ele></trkpt>
<trkpt lat="43.887071" lon="-91.337740"><ele>202.8</ele></trkpt>
<trkpt lat="43.886839" lon="-91.337518"><ele>202.9</ele></trkpt>
<trkpt lat="43.886337" lon="-91.336999"><ele>203.9</ele></trkpt>
<trkpt lat="43.885823" lon="-91.337804"><ele>205.0</ele></trkpt>
<trkpt lat="43.885604" lon="-91.337502"><ele>206.2</ele></trkpt>
<trkpt lat="43.885353" lon="-91.337021"><ele>208.0</ele></trkpt>
<trkpt lat="43.884952" lon="-91.336209"><ele>210.2</ele></trkpt>
<trkpt lat="43.884737" lon="-91.335834"><ele>210.8</ele></trkpt>
<trkpt lat="43.884615" lon="-91.335544"><ele>211.0</ele></trkpt>
<trkpt lat="43.881835" lon="-91.331066"><ele>215.3</ele></trkpt>
<trkpt lat="43.880091" lon="-91.328463"><ele>217.8</ele></trkpt>
<trkpt lat="43.878424" lon="-91.326000"><ele>218.0</ele></trkpt>
<trkpt lat="43.877672" lon="-91.325086"><ele>217.5</ele></trkpt>
<trkpt lat="43.876693" lon="-91.324046"><ele>217.1</ele></trkpt>
<trkpt lat="43.873919" lon="-91.321155"><ele>214.5</ele></trkpt>
<trkpt lat="43.872779" lon="-91.319803"><ele>214.9</ele></trkpt>
<trkpt lat="43.867646" lon="-91.313548"><ele>217.8</ele></trkpt>
<trkpt lat="43.866991" lon="-91.312881"><ele>217.9</ele></trkpt>
<trkpt lat="43.866259" lon="-91.312337"><ele>218.6</ele></trkpt>
<trkpt lat="43.866012" lon="-91.312189"><ele>218.8</ele></trkpt>
<trkpt lat="43.865495" lon="-91.311930"><ele>219.1</ele></trkpt>
<trkpt lat="43.864576" lon="-91.311596"><ele>219.6</ele></trkpt>
<trkpt lat="43.863796" lon="-91.311295"><ele>220.0</ele></trkpt>
<trkpt lat="43.862668" lon="-91.310881"><ele>220.8</ele></trkpt>
<trkpt lat="43.862147" lon="-91.310702"><ele>221.1</ele></trkpt>
<trkpt lat="43.861970" lon="-91.310630"><ele>221.4</ele></trkpt>
<trkpt lat="43.861419" lon="-91.310365"><ele>221.3</ele></trkpt>
<trkpt lat="43.861224" lon="-91.310250"><ele>221.1</ele></trkpt>
<trkpt lat="43.860932" lon="-91.310033"><ele>220.9</ele></trkpt>
<trkpt lat="43.860605" lon="-91.309773"><ele>220.3</ele></trkpt>
<trkpt lat="43.859969" lon="-91.309199"><ele>218.9</ele></trkpt>
<trkpt lat="43.859504" lon="-91.308606"><ele>218.7</ele></trkpt>
<trkpt lat="43.859196" lon="-91.308136"><ele>218.6</ele></trkpt>
<trkpt lat="43.858876" lon="-91.307560"><ele>218.5</ele></trkpt>
<trkpt lat="43.858726" lon="-91.307256"><ele>218.4</ele></trkpt>
<trkpt lat="43.858604" lon="-91.306980"><ele>218.3</ele></trkpt>
<trkpt lat="43.858473" lon="-91.306659"><ele>218.3</ele></trkpt>
<trkpt lat="43.858319" lon="-91.306207"><ele>218.2</ele></trkpt>
<trkpt lat="43.858229" lon="-91.305885"><ele>218.1</ele></trkpt>
<trkpt lat="43.858137" lon="-91.305519"><ele>218.0</ele></trkpt>
<trkpt lat="43.858017" lon="-91.305000"><ele>217.9</ele></trkpt>
<trkpt lat="43.857949" lon="-91.304611"><ele>218.6</ele></trkpt>
<trkpt lat="43.857909" lon="-91.304292"><ele>218.7</ele></trkpt>
<trkpt lat="43.857875" lon="-91.303944"><ele>218.8</ele></trkpt>
<trkpt lat="43.857855" lon="-91.303625"><ele>218.9</ele></trkpt>
<trkpt lat="43.857841" lon="-91.303211"><ele>218.7</ele></trkpt>
<trkpt lat="43.857844" lon="-91.302867"><ele>218.3</ele></trkpt>
<trkpt lat="43.857873" lon="-91.302203"><ele>212.0</ele></trkpt>
<trkpt lat="43.857923" lon="-91.301293"><ele>211.2</ele></trkpt>
<trkpt lat="43.857926" lon="-91.300894"><ele>210.8</ele></trkpt>
<trkpt lat="43.858342" lon="-91.296018"><ele>204.9</ele></trkpt>
<trkpt lat="43.858630" lon="-91.292457"><ele>200.5</ele></trkpt>
<trkpt lat="43.858711" lon="-91.291448"><ele>200.5</ele></trkpt>
<trkpt lat="43.858762" lon="-91.290375"><ele>199.2</ele></trkpt>
<trkpt lat="43.858782" lon="-91.289456"><ele>198.3</ele></trkpt>
<trkpt lat="43.858779" lon="-91.287757"><ele>197.9</ele></trkpt>
<trkpt lat="43.858800" lon="-91.286778"><ele>197.8</ele></trkpt>
<trkpt lat="43.858865" lon="-91.285725"><ele>197.6</ele></trkpt>
<trkpt lat="43.858956" lon="-91.284701"><ele>196.6</ele></trkpt>
<trkpt lat="43.859138" lon="-91.282581"><ele>195.5</ele></trkpt>
<trkpt lat="43.859680" lon="-91.276032"><ele>198.0</ele></trkpt>
<trkpt lat="43.859947" lon="-91.272917"><ele>197.0</ele></trkpt>
<trkpt lat="43.859991" lon="-91.272403"><ele>195.4</ele></trkpt>
<trkpt lat="43.860423" lon="-91.266697"><ele>201.0</ele></trkpt>
<trkpt lat="43.860926" lon="-91.260942"><ele>200.0</ele></trkpt>
<trkpt lat="43.861015" lon="-91.259311"><ele>198.8</ele></trkpt>
<trkpt lat="43.860956" lon="-91.258870"><ele>198.5</ele></trkpt>
<trkpt lat="43.860890" lon="-91.258594"><ele>198.4</ele></trkpt>
<trkpt lat="43.860788" lon="-91.258333"><ele>198.2</ele></trkpt>
<trkpt lat="43.860559" lon="-91.257976"><ele>198.1</ele></trkpt>
<trkpt lat="43.860223" lon="-91.257572"><ele>198.3</ele></trkpt>
<trkpt lat="43.859958" lon="-91.257229"><ele>198.4</ele></trkpt>
<trkpt lat="43.859813" lon="-91.257004"><ele>198.5</ele></trkpt>
<trkpt lat="43.859749" lon="-91.256846"><ele>198.6</ele></trkpt>
<trkpt lat="43.859697" lon="-91.256655"><ele>198.6</ele></trkpt>
<trkpt lat="43.859644" lon="-91.256244"><ele>198.8</ele></trkpt>
<trkpt lat="43.859598" lon="-91.256065"><ele>199.4</ele></trkpt>
<trkpt lat="43.859566" lon="-91.255979"><ele>199.3</ele></trkpt>
<trkpt lat="43.859542" lon="-91.255936"><ele>199.1</ele></trkpt>
<trkpt lat="43.859502" lon="-91.255891"><ele>198.9</ele></trkpt>
<trkpt lat="43.859453" lon="-91.255867"><ele>198.9</ele></trkpt>
<trkpt lat="43.859366" lon="-91.255859"><ele>198.5</ele></trkpt>
<trkpt lat="43.859222" lon="-91.255868"><ele>197.7</ele></trkpt>
<trkpt lat="43.859125" lon="-91.255901"><ele>197.3</ele></trkpt>
<trkpt lat="43.858479" lon="-91.256183"><ele>197.5</ele></trkpt>
<trkpt lat="43.858144" lon="-91.256368"><ele>197.7</ele></trkpt>
<trkpt lat="43.857809" lon="-91.256583"><ele>198.0</ele></trkpt>
<trkpt lat="43.857570" lon="-91.256829"><ele>198.0</ele></trkpt>
<trkpt lat="43.857320" lon="-91.257141"><ele>198.1</ele></trkpt>
<trkpt lat="43.856265" lon="-91.258612"><ele>199.0</ele></trkpt>
<trkpt lat="43.856023" lon="-91.258990"><ele>199.0</ele></trkpt>
<trkpt lat="43.855411" lon="-91.259894"><ele>198.5</ele></trkpt>
<trkpt lat="43.855242" lon="-91.260145"><ele>198.3</ele></trkpt>
<trkpt lat="43.855075" lon="-91.260353"><ele>198.2</ele></trkpt>
<trkpt lat="43.854982" lon="-91.260448"><ele>198.1</ele></trkpt>
<trkpt lat="43.854743" lon="-91.260609"><ele>198.0</ele></trkpt>
<trkpt lat="43.854593" lon="-91.264334"><ele>202.1</ele></trkpt>
<trkpt lat="43.854529" lon="-91.265443"><ele>203.4</ele></trkpt>
<trkpt lat="43.854393" lon="-91.268717"><ele>206.1</ele></trkpt>
<trkpt lat="43.854223" lon="-91.268642"><ele>206.2</ele></trkpt>
<trkpt lat="43.851573" lon="-91.267827"><ele>198.6</ele></trkpt>
<trkpt lat="43.851608" lon="-91.267557"><ele>201.6</ele></trkpt>
<trkpt lat="43.851798" lon="-91.266564"><ele>206.0</ele></trkpt>
<trkpt lat="43.851887" lon="-91.266017"><ele>206.1</ele></trkpt>
<trkpt lat="43.851930" lon="-91.265954"><ele>206.2</ele></trkpt>
<trkpt lat="43.851964" lon="-91.265931"><ele>206.2</ele></trkpt>
<trkpt lat="43.852061" lon="-91.265922"><ele>206.3</ele></trkpt>
<trkpt lat="43.852119" lon="-91.265937"><ele>206.4</ele></trkpt>
</trkseg></trk>
</gpx>